latitud,longitud,timestamp,day,month,year,hour,minute,voltage_V_A,current_A_A,power_W_A,pf_A,freq_Hz_A,energy_Wh_A,voltage_V_B,current_A_B,power_W_B,pf_B,freq_Hz_B,energy_Wh_B,voltage_V_C,current_A_C,power_W_C,pf_C,freq_Hz_C,energy_Wh_C,voltage_V_D,current_A_D,power_W_D,pf_D,freq_Hz_D,energy_Wh_D,id_punto
25.650309,-100.278294,2026-05-12 14:40:00,12,5,2026,14,40,123.4,0.832,66.5,0.64,58.85,97260,0,0.83,66.7,0.65,58.85,97490,0,0.041,2.5,0,0,0,0,0.0,1.1,1.0,0,0,25.650309_-100.278294
25.650309,-100.278294,2026-05-12 14:46:00,12,5,2026,14,46,123.4,0.816,65.4,0.64,58.85,97260,0,0.815,65.7,0.65,58.85,97490,0,0.04,2.2,0,0,0,0,0.0,1.0,1.0,0,0,25.650309_-100.278294
25.650309,-100.278294,2026-05-12 16:12:00,12,5,2026,16,12,122.8,2.749,245.5,0.72,58.87,97570,0,2.748,246.0,0.72,58.87,97810,0,0.041,2.3,0,0,0,0,0.0,1.2,1.0,0,0,25.650309_-100.278294
25.650309,-100.278294,2026-05-12 17:31:00,12,5,2026,17,31,123.2,2.337,178.7,0.61,58.85,97860,0,2.336,179.2,0.62,58.85,98100,0,0.039,2.4,0,0,0,0,0.0,1.1,1.0,0,0,25.650309_-100.278294
25.650309,-100.278294,2026-05-12 19:26:00,12,5,2026,19,26,123.5,4.187,425.0,0.82,58.81,98440,0,4.187,425.3,0.82,58.81,98680,0,0.04,2.5,0,0,0,0,0.0,1.1,1.0,0,0,25.650309_-100.278294
25.650309,-100.278294,2026-05-12 23:33:00,12,5,2026,23,33,124.8,4.278,474.8,0.88,58.84,100210,0,4.278,476.2,0.89,58.84,100460,0,0.038,2.3,0,0,0,0,0.03,1.0,1.0,0,0,25.650309_-100.278294
25.650309,-100.278294,2026-05-13 02:21:00,13,5,2026,2,21,126.4,2.934,308.4,0.83,58.84,101160,0,2.932,309.0,0.83,58.84,101410,0,0.04,2.5,0,0,0,0,0.0,1.0,1.0,0,0,25.650309_-100.278294
25.650309,-100.278294,2026-05-13 05:14:00,13,5,2026,5,14,127.2,2.406,263.8,0.86,58.78,101920,0,2.404,264.1,0.86,58.78,102170,0,0.038,2.4,0,0,0,0,0.0,1.2,1.0,0,0,25.650309_-100.278294
25.650309,-100.278294,2026-05-13 07:32:00,13,5,2026,7,32,125.4,2.27,221.6,0.77,58.84,102530,0,2.268,222.0,0.78,58.84,102780,0,0.04,2.5,0,0,0,0,0.0,1.0,1.0,0,0,25.650309_-100.278294
25.650309,-100.278294,2026-05-13 10:08:00,13,5,2026,10,8,124.7,2.44,222.0,0.72,58.82,103090,0,2.438,222.1,0.72,58.82,103340,0,0.041,2.5,0,0,0,0,0.0,1.2,1.0,0,0,25.650309_-100.278294
25.650309,-100.278294,2026-05-13 12:19:00,13,5,2026,12,19,124.5,2.971,280.0,0.75,58.85,103600,0,2.969,280.2,0.75,58.85,103850,0,0.041,2.7,0,0,0,0,0.0,1.1,1.0,0,0,25.650309_-100.278294
25.650309,-100.278294,2026-05-13 14:15:00,13,5,2026,14,15,123.8,2.772,270.3,0.78,58.82,104150,0,2.77,270.6,0.78,58.82,104400,0,0.041,2.5,0,0,0,0,0.0,1.3,1.0,0,0,25.650309_-100.278294
25.650309,-100.278294,2026-05-13 15:48:00,13,5,2026,15,48,122.5,2.69,244.8,0.74,58.85,104550,0,2.688,244.9,0.74,58.85,104800,0,0.04,2.5,0,0,0,0,0.0,1.1,1.0,0,0,25.650309_-100.278294
25.650309,-100.278294,2026-05-13 17:05:00,13,5,2026,17,5,122.0,2.316,198.5,0.7,58.82,104930,0,2.314,198.9,0.7,58.82,105180,0,0.04,2.6,0,0,0,0,0.0,1.2,1.0,0,0,25.650309_-100.278294
25.650309,-100.278294,2026-05-13 18:18:00,13,5,2026,18,18,122.1,2.216,190.4,0.7,58.85,105150,0,2.215,190.7,0.7,58.85,105400,0,0.04,2.4,0,0,0,0,0.0,1.1,1.0,0,0,25.650309_-100.278294
25.650309,-100.278294,2026-05-13 22:17:00,13,5,2026,22,17,124.5,2.934,262.3,0.71,58.82,107020,0,2.933,263.5,0.72,58.82,107270,0,0.162,19.9,0,0,0,0,0.0,1.0,0.97,0,0,25.650309_-100.278294
25.650309,-100.278294,2026-05-14 01:26:00,14,5,2026,1,26,126.4,2.241,183.0,0.64,58.79,107690,0,2.238,183.5,0.64,58.79,107950,0,0.161,20.0,0,0,0,0,0.0,1.2,1.0,0,0,25.650309_-100.278294
25.650309,-100.278294,2026-05-14 03:57:00,14,5,2026,3,57,126.6,2.387,196.9,0.65,58.81,108210,0,2.384,197.3,0.65,58.81,108470,0,10.281,892.5,0,0,0,0,0.0,0.8,0.0,0,0,25.650309_-100.278294
25.650309,-100.278294,2026-05-14 05:57:00,14,5,2026,5,57,126.4,2.28,190.5,0.66,58.81,108600,0,2.277,190.9,0.66,58.81,108860,0,0.161,20.0,0,0,0,0,0.0,1.1,0.98,0,0,25.650309_-100.278294
25.650309,-100.278294,2026-05-14 08:30:00,14,5,2026,8,30,125.5,2.06,159.1,0.61,58.79,109080,0,2.058,159.4,0.61,58.79,109340,0,0.166,20.5,0,0,0,0,0.0,1.0,0.98,0,0,25.650309_-100.278294
25.650309,-100.278294,2026-05-14 10:31:00,14,5,2026,10,31,124.4,2.181,165.4,0.6,58.82,109400,0,2.179,165.8,0.61,58.82,109660,0,0.165,20.3,0,0,0,0,0.0,1.2,1.0,0,0,25.650309_-100.278294
25.650309,-100.278294,2026-05-14 12:21:00,14,5,2026,12,21,124.0,2.837,241.2,0.68,58.85,109860,0,2.835,242.2,0.68,58.85,110120,0,0.04,2.3,0,0,0,0,0.0,1.0,1.0,0,0,25.650309_-100.278294
25.650309,-100.278294,2026-05-14 14:18:00,14,5,2026,14,18,122.7,2.443,203.4,0.67,58.84,110270,0,2.44,204.1,0.68,58.84,110530,0,0.041,2.2,0,0,0,0,0.0,1.1,1.0,0,0,25.650309_-100.278294
25.650309,-100.278294,2026-05-14 15:40:00,14,5,2026,15,40,122.0,2.452,217.0,0.72,58.85,110580,0,2.451,217.2,0.72,58.85,110840,0,0.04,2.5,0,0,0,0,0.0,1.2,1.0,0,0,25.650309_-100.278294
25.650309,-100.278294,2026-05-14 16:57:00,14,5,2026,16,57,121.5,2.41,183.7,0.62,58.84,110830,0,2.408,184.4,0.62,58.84,111090,0,0.041,2.5,0,0,0,0,0.0,1.1,1.0,0,0,25.650309_-100.278294
25.650309,-100.278294,2026-05-14 18:01:00,14,5,2026,18,1,121.8,2.356,275.2,0.95,58.87,111060,0,2.353,275.9,0.96,58.87,111320,0,0.04,2.2,0,0,0,0,0.0,1.1,1.0,0,0,25.650309_-100.278294
25.650309,-100.278294,2026-05-14 22:31:00,14,5,2026,22,31,124.3,3.207,309.1,0.77,58.84,112450,0,3.207,310.3,0.77,58.84,112730,0,0.756,92.3,0,0,0,0,0.0,1.1,1.0,0,0,25.650309_-100.278294
25.650309,-100.278294,2026-05-15 01:44:00,15,5,2026,1,44,125.5,3.068,282.4,0.73,58.81,113420,0,3.066,283.3,0.73,58.81,113700,0,0.737,91.0,0,0,0,0,0.0,1.3,0.97,0,0,25.650309_-100.278294
25.650309,-100.278294,2026-05-15 04:24:00,15,5,2026,4,24,126.4,2.121,173.7,0.64,58.78,113940,0,2.118,174.0,0.64,58.78,114230,0,0.16,20.0,0,0,0,0,0.0,1.1,0.98,0,0,25.650309_-100.278294
25.650309,-100.278294,2026-05-15 06:22:00,15,5,2026,6,22,125.6,2.096,171.9,0.65,58.82,114280,0,2.093,172.3,0.65,58.82,114560,0,10.1,878.4,0,0,0,0,0.0,0.8,0.0,0,0,25.650309_-100.278294
25.650309,-100.278294,2026-05-15 09:04:00,15,5,2026,9,4,124.2,2.036,155.5,0.61,58.85,114760,0,2.034,155.8,0.61,58.85,115040,0,0.039,2.3,0,0,0,0,0.0,1.1,1.0,0,0,25.650309_-100.278294
25.650309,-100.278294,2026-05-15 11:03:00,15,5,2026,11,3,125.4,0.879,99.3,0.89,58.84,115310,0,0.877,99.0,0.89,58.84,115590,0,0.041,2.7,0,0,0,0,0.0,1.1,1.0,0,0,25.650309_-100.278294
25.650309,-100.278294,2026-05-15 12:58:00,15,5,2026,12,58,123.8,2.265,230.2,0.81,58.82,115750,0,2.263,230.7,0.82,58.82,116030,0,0.041,2.5,0,0,0,0,0.0,1.0,1.0,0,0,25.650309_-100.278294
25.650309,-100.278294,2026-05-15 14:20:00,15,5,2026,14,20,119.0,14.549,1721.4,0.99,58.85,116080,0,14.561,1724.7,0.99,58.85,116360,0,0.04,2.3,0,0,0,0,0.0,1.1,1.0,0,0,25.650309_-100.278294
25.650309,-100.278294,2026-05-15 15:31:00,15,5,2026,15,31,122.0,3.255,324.9,0.81,58.87,116720,0,3.215,321.3,0.81,58.87,117000,0,0.038,2.1,0,0,0,0,0.0,1.2,1.0,0,0,25.650309_-100.278294
25.650309,-100.278294,2026-05-15 16:49:00,15,5,2026,16,49,121.5,3.455,408.3,0.97,58.82,117120,0,3.456,409.1,0.97,58.82,117400,0,0.04,2.5,0,0,0,0,0.0,1.0,1.0,0,0,25.650309_-100.278294
25.650309,-100.278294,2026-05-15 17:07:00,15,5,2026,17,7,121.6,3.263,389.7,0.98,58.87,117240,0,3.263,390.3,0.98,58.87,117530,0,0.039,2.3,0,0,0,0,0.0,1.1,1.0,0,0,25.650309_-100.278294
25.650309,-100.278294,2026-05-15 17:34:00,15,5,2026,17,34,122.0,3.936,383.1,0.79,58.85,117380,0,3.936,384.0,0.79,58.85,117670,0,0.04,2.4,0,0,0,0,0.0,1.1,1.0,0,0,25.650309_-100.278294
25.650309,-100.278294,2026-05-15 17:35:00,15,5,2026,17,35,122.1,3.697,363.8,0.8,58.84,117380,0,3.696,364.5,0.8,58.84,117670,0,0.04,2.4,0,0,0,0,0.0,1.2,1.0,0,0,25.650309_-100.278294
25.650309,-100.278294,2026-05-15 17:42:00,15,5,2026,17,42,121.7,3.792,367.3,0.79,58.87,117410,0,3.791,367.9,0.79,58.87,117700,0,0.039,2.4,0,0,0,0,0.0,1.2,1.0,0,0,25.650309_-100.278294
25.650309,-100.278294,2026-05-15 19:22:00,15,5,2026,19,22,121.9,3.329,331.4,0.81,58.85,117950,0,3.328,332.6,0.81,58.85,118240,0,0.041,2.6,0,0,0,0,0.0,1.0,1.0,0,0,25.650309_-100.278294
25.650309,-100.278294,2026-05-15 23:00:00,15,5,2026,23,0,125.0,3.637,354.8,0.78,58.82,119290,0,3.628,356.2,0.78,58.82,119580,0,10.337,961.5,0,0,0,0,0.0,0.8,0.0,0,0,25.650309_-100.278294
25.650309,-100.278294,2026-05-16 01:22:00,16,5,2026,1,22,125.7,3.109,293.2,0.74,58.87,120090,0,3.108,294.1,0.75,58.87,120380,0,0.166,20.6,0,0,0,0,0.0,1.1,1.0,0,0,25.650309_-100.278294
25.650309,-100.278294,2026-05-16 03:15:00,16,5,2026,3,15,126.0,2.369,204.3,0.68,58.84,120520,0,2.367,204.9,0.68,58.84,120820,0,0.166,20.6,0,0,0,0,0.0,1.1,1.0,0,0,25.650309_-100.278294
25.650309,-100.278294,2026-05-16 04:40:00,16,5,2026,4,40,126.9,1.998,169.2,0.66,58.85,120770,0,1.995,169.5,0.66,58.85,121070,0,0.167,20.9,0,0,0,0,0.0,1.2,1.0,0,0,25.650309_-100.278294
25.650309,-100.278294,2026-05-16 05:51:00,16,5,2026,5,51,127.4,1.914,156.0,0.63,58.82,120950,0,1.912,156.5,0.64,58.82,121250,0,0.168,21.1,0,0,0,0,0.0,1.2,1.0,0,0,25.650309_-100.278294
25.650309,-100.278294,2026-05-16 07:23:00,16,5,2026,7,23,126.6,2.306,192.2,0.65,58.84,121250,0,2.303,192.7,0.66,58.84,121550,0,11.461,1119.5,0,0,0,0,0.0,0.9,0.0,0,0,25.650309_-100.278294
25.650309,-100.278294,2026-05-16 08:42:00,16,5,2026,8,42,126.1,2.12,170.1,0.63,58.84,121470,0,2.118,170.6,0.63,58.84,121770,0,0.041,2.7,0,0,0,0,0.0,1.2,1.0,0,0,25.650309_-100.278294
25.650309,-100.278294,2026-05-16 09:58:00,16,5,2026,9,58,126.2,2.155,177.0,0.64,58.84,121710,0,2.153,177.6,0.65,58.84,122010,0,0.04,2.7,0,0,0,0,0.0,1.2,1.0,0,0,25.650309_-100.278294
25.650309,-100.278294,2026-05-16 11:09:00,16,5,2026,11,9,126.2,2.134,174.9,0.64,58.84,121950,0,2.132,175.4,0.65,58.84,122240,0,0.04,2.6,0,0,0,0,0.0,1.2,1.0,0,0,25.650309_-100.278294
25.650309,-100.278294,2026-05-16 12:09:00,16,5,2026,12,9,126.1,2.006,158.5,0.62,58.81,122110,0,2.006,159.1,0.62,58.81,122410,0,0.039,2.5,0,0,0,0,0.0,1.1,1.0,0,0,25.650309_-100.278294
25.650309,-100.278294,2026-05-16 13:36:00,16,5,2026,13,36,120.4,14.747,1760.6,0.99,58.88,122690,0,14.76,1763.9,0.99,58.88,122990,0,0.04,2.3,0,0,0,0,0.0,1.2,1.0,0,0,25.650309_-100.278294
25.650309,-100.278294,2026-05-16 14:26:00,16,5,2026,14,26,122.8,2.594,231.2,0.72,58.82,122990,0,2.592,232.2,0.72,58.82,123290,0,0.041,2.4,0,0,0,0,0.0,1.0,1.0,0,0,25.650309_-100.278294
25.650309,-100.278294,2026-05-16 15:31:00,16,5,2026,15,31,123.4,2.584,231.0,0.72,58.85,123260,0,2.582,232.0,0.72,58.85,123560,0,0.04,2.5,0,0,0,0,0.0,1.0,1.0,0,0,25.650309_-100.278294
25.650309,-100.278294,2026-05-16 16:27:00,16,5,2026,16,27,123.2,2.4,205.4,0.69,58.82,123440,0,2.408,207.3,0.69,58.82,123750,0,0.041,2.4,0,0,0,0,0.0,1.0,1.0,0,0,25.650309_-100.278294
25.650309,-100.278294,2026-05-16 17:33:00,16,5,2026,17,33,122.9,3.009,289.5,0.78,58.85,123690,0,3.007,290.3,0.78,58.85,124000,0,0.04,2.5,0,0,0,0,0.0,1.2,1.0,0,0,25.650309_-100.278294
25.650309,-100.278294,2026-05-16 19:29:00,16,5,2026,19,29,124.0,3.259,382.5,0.94,58.82,124280,0,3.258,383.9,0.94,58.82,124590,0,2.66,326.9,0,0,0,0,0.0,1.0,0.98,0,0,25.650309_-100.278294
25.650309,-100.278294,2026-05-16 23:33:00,16,5,2026,23,33,125.7,3.212,327.5,0.81,58.85,126230,0,3.212,328.7,0.81,58.85,126540,0,0.168,20.9,0,0,0,0,0.0,1.1,1.0,0,0,25.650309_-100.278294
25.650309,-100.278294,2026-05-17 01:59:00,17,5,2026,1,59,126.2,2.782,336.3,0.95,58.87,127140,0,2.781,337.2,0.96,58.87,127460,0,10.509,931.8,0,0,0,0,0.0,0.8,0.0,0,0,25.650309_-100.278294
25.650309,-100.278294,2026-05-17 03:56:00,17,5,2026,3,56,126.9,2.181,184.2,0.66,58.81,127530,0,2.178,184.9,0.66,58.81,127850,0,10.547,934.3,0,0,0,0,0.0,0.8,0.0,0,0,25.650309_-100.278294
25.650309,-100.278294,2026-05-17 05:12:00,17,5,2026,5,12,127.3,2.107,177.6,0.66,58.84,127730,0,2.105,178.3,0.66,58.84,128060,0,0.168,21.1,0,0,0,0,0.0,1.0,1.0,0,0,25.650309_-100.278294
25.650309,-100.278294,2026-05-17 06:08:00,17,5,2026,6,8,127.8,1.866,152.2,0.63,58.81,127890,0,1.862,152.4,0.64,58.81,128200,0,0.168,21.2,0,0,0,0,0.0,1.1,1.0,0,0,25.650309_-100.278294
25.650309,-100.278294,2026-05-17 08:00:00,17,5,2026,8,0,127.3,1.813,141.3,0.61,58.87,128200,0,1.811,141.8,0.61,58.87,128520,0,0.053,4.7,0,0,0,0,0.0,1.1,1.0,0,0,25.650309_-100.278294
25.650309,-100.278294,2026-05-17 09:31:00,17,5,2026,9,31,127.1,3.848,441.5,0.9,58.84,128500,0,3.846,442.4,0.9,58.84,128830,0,0.038,2.4,0,0,0,0,0.0,1.1,1.0,0,0,25.650309_-100.278294
25.650309,-100.278294,2026-05-17 10:36:00,17,5,2026,10,36,127.5,2.452,228.7,0.73,58.81,128760,0,2.451,229.3,0.73,58.81,129080,0,0.039,2.5,0,0,0,0,0.0,1.0,1.0,0,0,25.650309_-100.278294
25.650309,-100.278294,2026-05-17 11:39:00,17,5,2026,11,39,127.1,2.075,182.9,0.69,58.84,128960,0,2.074,183.5,0.69,58.84,129290,0,0.038,2.4,0,0,0,0,0.0,0.9,0.0,0,0,25.650309_-100.278294
25.650309,-100.278294,2026-05-17 12:44:00,17,5,2026,12,44,125.5,2.531,233.9,0.73,58.82,129190,0,2.529,234.8,0.73,58.82,129520,0,0.04,2.5,0,0,0,0,0.0,1.0,1.0,0,0,25.650309_-100.278294
25.650309,-100.278294,2026-05-17 14:04:00,17,5,2026,14,4,123.8,2.623,256.8,0.78,58.82,129510,0,2.621,257.0,0.79,58.82,129840,0,0.039,2.4,0,0,0,0,0.0,1.0,1.0,0,0,25.650309_-100.278294
25.650309,-100.278294,2026-05-17 15:10:00,17,5,2026,15,10,123.1,3.269,328.2,0.81,58.82,129920,0,3.267,329.1,0.81,58.82,130240,0,25.702,3052.1,0,0,0,0,5.919,295.8,0.41,0,0,25.650309_-100.278294
25.650309,-100.278294,2026-05-17 16:11:00,17,5,2026,16,11,123.4,3.213,366.7,0.92,58.84,130570,0,3.18,365.4,0.93,58.84,130890,0,10.52,1095.3,0,0,0,0,5.88,323.7,0.44,0,0,25.650309_-100.278294
25.650309,-100.278294,2026-05-17 17:14:00,17,5,2026,17,14,123.4,3.431,326.2,0.76,58.84,130900,0,3.43,327.7,0.77,58.84,131230,0,2.868,349.9,0,0,0,0,0.031,1.4,0.99,0,0,25.650309_-100.278294
25.650309,-100.278294,2026-05-17 18:13:00,17,5,2026,18,13,119.6,17.172,2033.6,0.98,58.88,131610,0,17.19,2038.1,0.99,58.88,131940,0,0.043,2.6,0,0,0,0,0.031,1.4,1.0,0,0,25.650309_-100.278294
25.650309,-100.278294,2026-05-17 22:45:00,17,5,2026,22,45,124.2,3.483,357.0,0.82,58.81,133840,0,3.482,358.5,0.82,58.81,134180,0,0.045,2.8,0,0,0,0,0.032,1.5,1.0,0,0,25.650309_-100.278294
25.650309,-100.278294,2026-05-18 02:45:00,18,5,2026,2,45,125.2,3.019,309.2,0.81,58.85,135170,0,3.018,309.9,0.82,58.85,135510,0,0.044,2.7,0,0,0,0,0.032,1.4,1.0,0,0,25.650309_-100.278294
25.650309,-100.278294,2026-05-18 06:32:00,18,5,2026,6,32,124.4,3.162,317.6,0.8,58.82,136360,0,3.161,318.4,0.8,58.82,136710,0,0.045,2.7,0,0,0,0,0.031,1.5,1.0,0,0,25.650309_-100.278294
25.650309,-100.278294,2026-05-18 10:06:00,18,5,2026,10,6,124.3,2.528,213.9,0.67,58.81,137230,0,2.526,214.9,0.68,58.81,137580,0,0.046,2.8,0,0,0,0,0.033,1.5,1.0,0,0,25.650309_-100.278294
25.650309,-100.278294,2026-05-18 10:33:00,18,5,2026,10,33,122.1,3.091,292.2,0.77,58.82,137330,0,3.089,292.7,0.77,58.82,137680,0,5.913,317.7,0,0,0,0,5.903,316.0,0.42,0,0,25.650309_-100.278294
25.650309,-100.278294,2026-05-18 12:14:00,18,5,2026,12,14,122.4,3.573,422.7,0.96,58.82,137860,0,3.571,423.4,0.96,58.82,138210,0,0.048,2.9,0,0,0,0,0.036,1.5,1.0,0,0,25.650309_-100.278294
25.650309,-100.278294,2026-05-18 14:05:00,18,5,2026,14,5,121.0,3.291,332.9,0.83,58.82,138480,0,3.288,333.3,0.83,58.82,138830,0,0.044,2.7,0,0,0,0,0.033,0.0,0.0,0,0,25.650309_-100.278294
25.650309,-100.278294,2026-05-18 15:41:00,18,5,2026,15,41,121.1,3.338,331.7,0.81,58.87,139070,0,3.337,332.4,0.82,58.87,139430,0,0.044,2.7,0,0,0,0,0.04,-2.1,1.0,0,0,25.650309_-100.278294
25.650309,-100.278294,2026-05-18 17:02:00,18,5,2026,17,2,120.9,3.362,328.3,0.8,58.88,139570,0,3.361,329.0,0.8,58.88,139920,0,0.045,2.6,0,0,0,0,0.037,0.6,0.0,0,0,25.650309_-100.278294
25.650309,-100.278294,2026-05-18 19:25:00,18,5,2026,19,25,122.1,2.99,322.4,0.88,58.81,140430,0,2.988,323.3,0.88,58.81,140790,0,0.045,2.6,0,0,0,0,0.033,1.5,1.0,0,0,25.650309_-100.278294
25.650309,-100.278294,2026-05-18 23:49:00,18,5,2026,23,49,124.5,3.697,376.8,0.81,58.87,142590,0,3.696,378.4,0.82,58.87,142950,0,0.045,2.7,0,0,0,0,0.031,1.4,1.0,0,0,25.650309_-100.278294
25.650309,-100.278294,2026-05-19 03:44:00,19,5,2026,3,44,126.0,3.096,322.0,0.82,58.81,143940,0,3.096,322.8,0.82,58.81,144300,0,0.043,2.5,0,0,0,0,0.044,3.2,0.49,0,0,25.650309_-100.278294
25.650309,-100.278294,2026-05-19 06:39:00,19,5,2026,6,39,124.2,2.909,299.9,0.82,58.81,144830,0,2.907,300.5,0.83,58.81,145190,0,0.046,2.8,0,0,0,0,0.031,1.5,1.0,0,0,25.650309_-100.278294
25.650309,-100.278294,2026-05-19 09:00:00,19,5,2026,9,0,123.6,2.088,178.2,0.68,58.85,145450,0,2.085,178.7,0.69,58.85,145820,0,0.046,2.8,0,0,0,0,0.033,1.5,1.0,0,0,25.650309_-100.278294
25.650309,-100.278294,2026-05-19 09:27:00,19,5,2026,9,27,123.7,2.22,190.1,0.69,58.82,145540,0,2.217,190.7,0.69,58.82,145910,0,0.046,2.9,0,0,0,0,0.032,1.5,1.0,0,0,25.650309_-100.278294
25.650309,-100.278294,2026-05-19 10:03:00,19,5,2026,10,3,123.9,2.142,182.9,0.68,58.81,145640,0,2.139,183.4,0.69,58.81,146010,0,0.045,2.8,0,0,0,0,0.033,1.6,1.0,0,0,25.650309_-100.278294
25.650309,-100.278294,2026-05-19 12:17:00,19,5,2026,12,17,122.5,2.854,332.5,0.95,58.79,146090,0,2.852,333.7,0.95,58.79,146460,0,0.044,2.6,0,0,0,0,0.032,1.5,1.0,0,0,25.650309_-100.278294
25.650309,-100.278294,2026-05-19 14:08:00,19,5,2026,14,8,123.1,3.038,291.5,0.77,58.79,146570,0,3.036,292.2,0.78,58.79,146940,0,0.045,2.6,0,0,0,0,0.032,1.0,1.0,0,0,25.650309_-100.278294
25.650309,-100.278294,2026-05-19 15:48:00,19,5,2026,15,48,123.6,2.993,288.4,0.77,58.85,147030,0,2.992,289.1,0.78,58.85,147400,0,0.0,0.0,0,0,0,0,0.032,1.4,1.0,0,0,25.650309_-100.278294
25.650309,-100.278294,2026-05-19 17:02:00,19,5,2026,17,2,122.8,3.031,287.7,0.77,58.82,147380,0,3.03,288.4,0.77,58.82,147760,0,0.0,0.0,0,0,0,0,0.032,1.5,1.0,0,0,25.650309_-100.278294
25.650309,-100.278294,2026-05-19 19:27:00,19,5,2026,19,27,123.6,2.835,308.0,0.87,58.88,148080,0,2.834,309.4,0.88,58.88,148450,0,0.0,0.0,0,0,0,0,0.032,1.5,1.0,0,0,25.650309_-100.278294
25.650309,-100.278294,2026-05-19 23:50:00,19,5,2026,23,50,121.7,13.215,1419.6,0.88,58.85,150300,0,13.226,1422.5,0.88,58.85,150690,0,0.044,2.8,0,0,0,0,0.032,1.5,1.0,0,0,25.650309_-100.278294
25.650309,-100.278294,2026-05-20 03:35:00,20,5,2026,3,35,126.2,2.267,184.2,0.64,58.79,151690,0,2.265,185.0,0.64,58.79,152080,0,0.751,93.1,0,0,0,0,0.031,1.3,1.0,0,0,25.650309_-100.278294
25.650309,-100.278294,2026-05-20 06:10:00,20,5,2026,6,10,125.4,2.638,243.0,0.73,58.81,152260,0,2.635,243.8,0.73,58.81,152650,0,0.752,92.8,0,0,0,0,0.032,1.4,1.0,0,0,25.650309_-100.278294
25.650309,-100.278294,2026-05-20 10:00:00,20,5,2026,10,0,124.7,2.047,156.5,0.61,58.84,153080,0,2.045,157.0,0.61,58.84,153470,0,0.039,2.3,0,0,0,0,0.04,0.5,0.0,0,0,25.650309_-100.278294
25.650309,-100.278294,2026-05-20 12:28:00,20,5,2026,12,28,123.7,2.924,276.8,0.76,58.82,153750,0,2.923,277.3,0.76,58.82,154150,0,0.038,2.3,0,0,0,0,0.084,-7.7,0.73,0,0,25.650309_-100.278294
25.650309,-100.278294,2026-05-20 14:38:00,20,5,2026,14,38,122.8,2.914,287.4,0.8,58.82,154280,0,2.914,287.8,0.8,58.82,154680,0,0.039,2.3,0,0,0,0,0.054,-4.5,0.67,0,0,25.650309_-100.278294
25.650309,-100.278294,2026-05-20 16:15:00,20,5,2026,16,15,123.2,2.598,239.1,0.74,58.81,154720,0,2.596,240.1,0.75,58.81,155120,0,0.038,2.2,0,0,0,0,0.055,-4.5,0.66,0,0,25.650309_-100.278294
25.650309,-100.278294,2026-05-20 17:42:00,20,5,2026,17,42,123.9,2.723,247.3,0.73,58.81,155070,0,2.722,248.0,0.73,58.81,155480,0,0.039,2.2,0,0,0,0,0.031,0.0,0.0,0,0,25.650309_-100.278294
25.650309,-100.278294,2026-05-20 21:45:00,20,5,2026,21,45,126.3,2.953,273.5,0.73,58.81,156090,0,2.953,274.9,0.73,58.81,156500,0,0.038,2.3,0,0,0,0,0.0,1.2,1.0,0,0,25.650309_-100.278294
25.650309,-100.278294,2026-05-21 01:54:00,21,5,2026,1,54,127.1,3.36,339.8,0.79,58.79,157770,0,3.359,341.4,0.79,58.79,158180,0,0.037,2.3,0,0,0,0,0.0,1.1,1.0,0,0,25.650309_-100.278294
25.650309,-100.278294,2026-05-21 05:26:00,21,5,2026,5,26,126.9,2.328,217.8,0.73,58.84,158640,0,2.326,218.4,0.73,58.84,159060,0,0.039,2.5,0,0,0,0,0.038,2.6,0.47,0,0,25.650309_-100.278294
25.650309,-100.278294,2026-05-21 08:25:00,21,5,2026,8,25,125.8,2.069,158.6,0.6,58.79,159430,0,2.067,159.1,0.61,58.79,159850,0,0.039,2.5,0,0,0,0,0.0,1.1,1.0,0,0,25.650309_-100.278294
25.650309,-100.278294,2026-05-21 11:19:00,21,5,2026,11,19,125.3,2.088,164.0,0.62,58.82,159920,0,2.086,164.6,0.62,58.82,160340,0,0.038,2.3,0,0,0,0,0.0,1.0,1.0,0,0,25.650309_-100.278294
25.650309,-100.278294,2026-05-21 13:22:00,21,5,2026,13,22,123.3,2.253,177.7,0.63,58.85,160320,0,2.25,178.6,0.64,58.85,160730,0,0.04,2.4,0,0,0,0,0.054,-2.4,1.0,0,0,25.650309_-100.278294
25.650309,-100.278294,2026-05-21 15:16:00,21,5,2026,15,16,123.3,2.77,237.4,0.69,58.81,160700,0,2.768,238.4,0.69,58.81,161120,0,0.038,2.2,0,0,0,0,0.0,1.1,1.0,0,0,25.650309_-100.278294
25.650309,-100.278294,2026-05-21 16:45:00,21,5,2026,16,45,123.6,2.63,252.4,0.77,58.82,161050,0,2.627,252.5,0.77,58.82,161470,0,0.041,2.4,0,0,0,0,0.0,0.9,0.0,0,0,25.650309_-100.278294
25.650309,-100.278294,2026-05-21 18:02:00,21,5,2026,18,2,124.1,2.729,250.9,0.73,58.84,161410,0,2.728,252.1,0.74,58.84,161840,0,0.039,2.3,0,0,0,0,0.0,1.1,1.0,0,0,25.650309_-100.278294
25.650309,-100.278294,2026-05-21 22:39:00,21,5,2026,22,39,124.7,5.663,643.5,0.9,58.81,163140,0,5.664,645.9,0.91,58.81,163570,0,0.04,2.6,0,0,0,0,0.038,2.2,1.0,0,0,25.650309_-100.278294
25.650309,-100.278294,2026-05-22 02:02:00,22,5,2026,2,2,126.5,3.444,422.9,0.96,58.81,164730,0,3.442,423.8,0.97,58.81,165160,0,0.038,2.2,0,0,0,0,0.0,1.6,1.0,0,0,25.650309_-100.278294
25.650309,-100.278294,2026-05-22 05:20:00,22,5,2026,5,20,127.3,2.617,277.1,0.83,58.84,165800,0,2.616,277.9,0.83,58.84,166240,0,0.039,2.5,0,0,0,0,0.038,-0.7,0.0,0,0,25.650309_-100.278294
25.650309,-100.278294,2026-05-22 07:59:00,22,5,2026,7,59,125.7,2.754,266.9,0.76,58.81,166550,0,2.754,267.8,0.77,58.81,166990,0,0.037,2.4,0,0,0,0,0.051,0.0,0.0,0,0,25.650309_-100.278294
25.650309,-100.278294,2026-05-22 10:32:00,22,5,2026,10,32,124.8,1.127,126.2,0.89,58.82,167160,0,1.126,126.6,0.9,58.82,167600,0,0.04,2.4,0,0,0,0,0.06,-2.6,0.35,0,0,25.650309_-100.278294
25.650309,-100.278294,2026-05-22 12:21:00,22,5,2026,12,21,123.8,2.695,279.0,0.83,58.84,167730,0,2.693,309.2,0.83,58.84,168180,0,0.038,2.4,0,0,0,0,0.0,1.0,1.0,0,0,25.650309_-100.278294
25.650309,-100.278294,2026-05-22 14:24:00,22,5,2026,14,24,123.1,2.627,242.1,0.74,58.9,168610,0,2.626,242.5,0.74,58.9,169050,0,0.039,2.2,0,0,0,0,0.0,0.5,0.0,0,0,25.650309_-100.278294
25.650309,-100.278294,2026-05-22 15:46:00,22,5,2026,15,46,122.0,2.466,191.4,0.63,58.87,168920,0,2.465,192.0,0.63,58.87,169370,0,5.881,418.6,0,0,0,0,5.878,420.1,0.58,0,0,25.650309_-100.278294
25.650309,-100.278294,2026-05-22 16:59:00,22,5,2026,16,59,121.8,2.387,181.8,0.62,58.85,169500,0,2.386,182.6,0.62,58.85,169940,0,0.049,3.0,0,0,0,0,0.036,1.7,1.0,0,0,25.650309_-100.278294
25.650309,-100.278294,2026-05-22 18:14:00,22,5,2026,18,14,120.4,3.323,327.6,0.81,58.84,169940,0,3.323,328.0,0.81,58.84,170390,0,0.049,3.0,0,0,0,0,0.036,1.6,1.0,0,0,25.650309_-100.278294
25.650309,-100.278294,2026-05-22 22:11:00,22,5,2026,22,11,122.8,4.0,388.6,0.78,58.85,171450,0,4.0,390.1,0.79,58.85,171900,0,35.051,4012.1,0,0,0,0,5.607,305.2,0.44,0,0,25.650309_-100.278294
25.650309,-100.278294,2026-05-23 01:09:00,23,5,2026,1,9,125.1,3.457,412.9,0.95,58.79,172460,0,3.457,414.3,0.95,58.79,172920,0,10.311,925.4,0,0,0,0,0.031,1.2,1.0,0,0,25.650309_-100.278294
25.650309,-100.278294,2026-05-23 03:15:00,23,5,2026,3,15,126.3,2.701,255.0,0.74,58.82,172970,0,2.699,255.8,0.75,58.82,173430,0,0.172,21.3,0,0,0,0,0.031,1.5,1.0,0,0,25.650309_-100.278294
25.650309,-100.278294,2026-05-23 04:46:00,23,5,2026,4,46,126.0,2.399,220.3,0.72,58.79,173300,0,2.398,221.0,0.73,58.79,173760,0,0.17,21.0,0,0,0,0,0.03,1.3,1.0,0,0,25.650309_-100.278294
25.650309,-100.278294,2026-05-23 06:00:00,23,5,2026,6,0,126.7,2.419,230.2,0.74,58.82,173560,0,2.417,230.9,0.75,58.82,174030,0,0.173,21.3,0,0,0,0,0.03,1.4,1.0,0,0,25.650309_-100.278294
25.650309,-100.278294,2026-05-23 08:05:00,23,5,2026,8,5,125.6,2.628,248.5,0.75,58.79,174020,0,2.626,249.3,0.75,58.79,174480,0,10.572,955.5,0,0,0,0,0.03,1.2,1.0,0,0,25.650309_-100.278294
25.650309,-100.278294,2026-05-23 09:34:00,23,5,2026,9,34,125.5,3.364,331.8,0.78,58.79,174410,0,3.363,332.9,0.78,58.79,174870,0,0.044,2.7,0,0,0,0,0.031,1.4,1.0,0,0,25.650309_-100.278294
25.650309,-100.278294,2026-05-23 10:38:00,23,5,2026,10,38,125.8,3.241,300.5,0.73,58.81,174840,0,3.239,301.4,0.73,58.81,175310,0,0.046,2.7,0,0,0,0,0.033,1.6,1.0,0,0,25.650309_-100.278294
25.650309,-100.278294,2026-05-23 11:43:00,23,5,2026,11,43,123.5,2.717,248.2,0.73,58.85,175250,0,2.716,248.9,0.74,58.85,175720,0,5.948,337.8,0,0,0,0,5.93,337.1,0.45,0,0,25.650309_-100.278294
25.650309,-100.278294,2026-05-23 13:10:00,23,5,2026,13,10,125.5,2.623,245.7,0.74,58.82,175700,0,2.622,246.4,0.74,58.82,176170,0,0.048,3.0,0,0,0,0,0.035,1.7,1.0,0,0,25.650309_-100.278294
25.650309,-100.278294,2026-05-23 14:13:00,23,5,2026,14,13,124.9,2.765,261.3,0.75,58.81,175940,0,2.763,261.6,0.75,58.81,176410,0,0.049,3.0,0,0,0,0,0.036,1.8,1.0,0,0,25.650309_-100.278294
25.650309,-100.278294,2026-05-23 15:10:00,23,5,2026,15,10,124.2,2.762,256.8,0.74,58.79,176180,0,2.76,257.0,0.74,58.79,176650,0,0.046,2.8,0,0,0,0,0.032,1.5,1.0,0,0,25.650309_-100.278294
25.650309,-100.278294,2026-05-23 16:10:00,23,5,2026,16,10,123.4,2.48,240.6,0.74,58.85,176440,0,2.608,240.9,0.74,58.85,176920,0,0.04,2.3,0,0,0,0,0.0,1.0,1.0,0,0,25.650309_-100.278294
25.650309,-100.278294,2026-05-23 17:14:00,23,5,2026,17,14,122.9,2.579,232.9,0.73,58.82,176760,0,2.578,233.2,0.73,58.82,177230,0,0.04,2.5,0,0,0,0,0.0,1.0,1.0,0,0,25.650309_-100.278294
25.650309,-100.278294,2026-05-23 18:15:00,23,5,2026,18,15,123.1,2.717,255.2,0.76,58.84,177000,0,2.715,256.0,0.76,58.84,177470,0,0.039,2.3,0,0,0,0,0.0,1.0,1.0,0,0,25.650309_-100.278294
25.650309,-100.278294,2026-05-23 22:42:00,23,5,2026,22,42,125.2,2.584,237.4,0.73,58.84,178320,0,2.582,237.1,0.73,58.84,178800,0,10.248,926.5,0,0,0,0,0.0,0.7,0.0,0,0,25.650309_-100.278294
25.650309,-100.278294,2026-05-24 01:49:00,24,5,2026,1,49,125.7,2.275,185.6,0.64,58.81,179300,0,2.273,186.3,0.65,58.81,179780,0,10.543,980.9,0,0,0,0,0.0,0.8,0.0,0,0,25.650309_-100.278294
25.650309,-100.278294,2026-05-24 03:55:00,24,5,2026,3,55,126.0,2.377,214.3,0.71,58.79,179690,0,2.375,215.0,0.71,58.79,180170,0,10.327,924.9,0,0,0,0,0.0,0.8,0.0,0,0,25.650309_-100.278294
25.650309,-100.278294,2026-05-24 05:17:00,24,5,2026,5,17,126.8,1.857,171.1,0.72,58.79,179940,0,1.855,171.6,0.72,58.79,180420,0,10.386,912.4,0,0,0,0,0.0,0.9,0.0,0,0,25.650309_-100.278294
25.650309,-100.278294,2026-05-24 06:13:00,24,5,2026,6,13,127.7,1.902,175.6,0.72,58.82,180100,0,1.901,176.1,0.72,58.82,180570,0,0.742,92.8,0,0,0,0,0.0,1.1,0.98,0,0,25.650309_-100.278294
25.650309,-100.278294,2026-05-24 08:04:00,24,5,2026,8,4,127.2,0.763,78.5,0.8,58.87,180390,0,0.761,78.8,0.81,58.87,180860,0,10.478,936.5,0,0,0,0,0.0,0.7,0.0,0,0,25.650309_-100.278294
25.650309,-100.278294,2026-05-24 09:37:00,24,5,2026,9,37,127.3,1.997,183.4,0.72,58.84,180830,0,1.994,184.0,0.72,58.84,181310,0,0.173,21.6,0,0,0,0,0.034,1.8,1.0,0,0,25.650309_-100.278294
25.650309,-100.278294,2026-05-24 10:41:00,24,5,2026,10,41,126.3,1.923,174.8,0.71,58.87,181010,0,1.915,174.8,0.72,58.87,181490,0,0.173,21.4,0,0,0,0,0.035,1.6,1.0,0,0,25.650309_-100.278294
25.650309,-100.278294,2026-05-24 11:58:00,24,5,2026,11,58,126.0,2.308,206.7,0.71,58.84,181250,0,2.306,207.4,0.71,58.84,181730,0,10.765,1016.7,0,0,0,0,0.031,1.1,1.0,0,0,25.650309_-100.278294
25.650309,-100.278294,2026-05-24 13:27:00,24,5,2026,13,27,124.4,2.712,251.0,0.74,58.84,181620,0,2.71,252.0,0.74,58.84,182100,0,2.135,62.7,0,0,0,0,0.032,1.5,1.0,0,0,25.650309_-100.278294
25.650309,-100.278294,2026-05-24 14:34:00,24,5,2026,14,34,124.1,2.842,278.8,0.78,58.82,181980,0,2.803,276.5,0.79,58.82,182460,0,10.757,1040.5,0,0,0,0,0.04,2.1,1.0,0,0,25.650309_-100.278294
25.650309,-100.278294,2026-05-24 15:36:00,24,5,2026,15,36,123.2,0.792,74.9,0.76,58.81,182310,0,0.79,74.2,0.76,58.81,182800,0,0.045,2.8,0,0,0,0,0.032,1.4,1.0,0,0,25.650309_-100.278294
25.650309,-100.278294,2026-05-24 16:39:00,24,5,2026,16,39,124.5,2.228,177.8,0.63,58.85,182600,0,2.226,178.4,0.64,58.85,183080,0,0.047,3.0,0,0,0,0,0.032,1.6,1.0,0,0,25.650309_-100.278294
25.650309,-100.278294,2026-05-24 17:43:00,24,5,2026,17,43,124.5,2.529,211.9,0.67,58.81,182850,0,2.527,213.0,0.67,58.81,183330,0,0.045,2.8,0,0,0,0,0.032,1.5,1.0,0,0,25.650309_-100.278294
25.650309,-100.278294,2026-05-24 21:54:00,24,5,2026,21,54,124.3,3.914,465.0,0.95,58.84,184270,0,3.913,466.5,0.95,58.84,184760,0,0.047,3.0,0,0,0,0,0.031,1.5,1.0,0,0,25.650309_-100.278294
25.650309,-100.278294,2026-05-25 02:22:00,25,5,2026,2,22,125.8,4.401,485.7,0.87,58.87,186400,0,4.4,487.2,0.87,58.87,186900,0,0.046,3.1,0,0,0,0,0.031,1.4,1.0,0,0,25.650309_-100.278294
25.650309,-100.278294,2026-05-25 06:06:00,25,5,2026,6,6,126.1,2.84,294.2,0.81,58.81,187690,0,2.838,294.8,0.82,58.81,188190,0,0.045,2.8,0,0,0,0,0.04,2.0,1.0,0,0,25.650309_-100.278294
25.650309,-100.278294,2026-05-25 09:31:00,25,5,2026,9,31,124.1,2.461,234.2,0.76,58.82,188580,0,2.459,234.7,0.76,58.82,189080,0,0.046,2.8,0,0,0,0,0.047,-3.4,0.48,0,0,25.650309_-100.278294
25.650309,-100.278294,2026-05-25 11:21:00,25,5,2026,11,21,123.3,2.591,307.4,0.96,58.79,189040,0,2.588,308.0,0.96,58.79,189550,0,0.045,2.8,0,0,0,0,0.046,-2.0,1.0,0,0,25.650309_-100.278294
25.650309,-100.278294,2026-05-25 13:06:00,25,5,2026,13,6,123.5,2.658,243.6,0.74,58.81,189590,0,2.655,244.1,0.74,58.81,190090,0,0.049,2.8,0,0,0,0,0.038,-0.9,0.0,0,0,25.650309_-100.278294
25.650309,-100.278294,2026-05-25 14:45:00,25,5,2026,14,45,122.5,3.29,309.0,0.76,58.81,190090,0,3.288,309.7,0.76,58.81,190600,0,0.046,2.7,0,0,0,0,0.076,-7.3,0.77,0,0,25.650309_-100.278294
25.650309,-100.278294,2026-05-25 16:09:00,25,5,2026,16,9,122.3,2.51,202.7,0.65,58.82,190240,0,2.504,203.2,0.66,58.82,190750,0,0.048,3.0,0,0,0,0,0.033,1.6,1.0,0,0,25.650309_-100.278294
25.650309,-100.278294,2026-05-25 17:34:00,25,5,2026,17,34,121.4,3.365,329.4,0.8,58.81,190760,0,3.363,330.0,0.8,58.81,191260,0,0.046,2.7,0,0,0,0,0.033,1.5,1.0,0,0,25.650309_-100.278294
25.650309,-100.278294,2026-05-25 19:28:00,25,5,2026,19,28,123.0,4.02,406.4,0.82,58.84,191500,0,4.018,407.5,0.82,58.84,192010,0,0.046,2.6,0,0,0,0,0.033,1.4,1.0,0,0,25.650309_-100.278294
25.650309,-100.278294,2026-05-25 23:49:00,25,5,2026,23,49,124.1,4.465,491.8,0.88,58.81,193360,0,4.465,492.7,0.88,58.81,193880,0,0.048,2.9,0,0,0,0,0.032,1.5,1.0,0,0,25.650309_-100.278294
25.650309,-100.278294,2026-05-26 03:57:00,26,5,2026,3,57,126.2,2.644,256.8,0.76,58.82,195060,0,2.641,257.5,0.77,58.82,195580,0,0.735,91.3,0,0,0,0,0.037,1.2,0.98,0,0,25.650309_-100.278294
25.650309,-100.278294,2026-05-26 10:43:00,26,5,2026,10,43,123.1,2.487,221.9,0.72,58.82,196650,0,2.485,222.3,0.72,58.82,197170,0,0.046,2.7,0,0,0,0,0.049,-3.2,0.5,0,0,25.650309_-100.278294
25.650309,-100.278294,2026-05-26 13:21:00,26,5,2026,13,21,122.6,2.434,218.1,0.72,58.84,197240,0,2.432,218.2,0.73,58.84,197770,0,0.045,2.7,0,0,0,0,0.048,-0.9,0.0,0,0,25.650309_-100.278294
25.650309,-100.278294,2026-05-26 15:18:00,26,5,2026,15,18,122.4,2.02,151.9,0.61,58.85,197750,0,2.018,152.4,0.61,58.85,198270,0,0.047,2.7,0,0,0,0,0.067,-5.1,0.61,0,0,25.650309_-100.278294
25.650309,-100.278294,2026-05-26 16:43:00,26,5,2026,16,43,121.6,3.205,307.3,0.78,58.87,198040,0,3.202,307.8,0.79,58.87,198560,0,0.048,2.8,0,0,0,0,0.048,-2.8,0.51,0,0,25.650309_-100.278294
25.650309,-100.278294,2026-05-26 18:05:00,26,5,2026,18,5,123.2,2.998,262.3,0.7,58.82,198380,0,2.996,263.5,0.71,58.82,198910,0,0.046,2.6,0,0,0,0,0.062,-4.7,0.61,0,0,25.650309_-100.278294
25.650309,-100.278294,2026-05-26 22:52:00,26,5,2026,22,52,124.6,2.774,323.2,0.93,58.82,200040,0,2.772,324.2,0.93,58.82,200570,0,0.046,2.8,0,0,0,0,0.033,1.8,1.0,0,0,25.650309_-100.278294
25.650309,-100.278294,2026-05-27 02:38:00,27,5,2026,2,38,125.4,2.641,246.7,0.74,58.84,201190,0,2.638,247.3,0.74,58.84,201730,0,10.321,936.7,0,0,0,0,0.033,1.3,1.0,0,0,25.650309_-100.278294
25.650309,-100.278294,2026-05-27 10:05:00,27,5,2026,10,5,124.5,2.603,228.1,0.7,58.82,202800,0,2.599,229.1,0.7,58.82,203340,0,0.046,3.0,0,0,0,0,0.031,1.4,1.0,0,0,25.650309_-100.278294
25.650309,-100.278294,2026-05-27 12:36:00,27,5,2026,12,36,122.9,2.611,210.8,0.65,58.84,203410,0,2.609,211.8,0.66,58.84,203950,0,0.068,4.0,0,0,0,0,0.041,-0.2,0.0,0,0,25.650309_-100.278294
25.650309,-100.278294,2026-05-27 14:53:00,27,5,2026,14,53,122.7,2.686,220.9,0.66,58.79,203960,0,2.684,222.0,0.67,58.79,204500,0,0.047,2.9,0,0,0,0,0.08,2.9,0.29,0,0,25.650309_-100.278294
25.650309,-100.278294,2026-05-27 16:41:00,27,5,2026,16,41,121.7,3.482,360.9,0.85,58.84,204780,0,3.481,361.6,0.85,58.84,205320,0,0.046,2.6,0,0,0,0,0.046,-2.2,1.0,0,0,25.650309_-100.278294
25.650309,-100.278294,2026-05-27 18:00:00,27,5,2026,18,0,121.8,3.646,349.1,0.78,58.81,205240,0,3.639,349.1,0.78,58.81,205790,0,0.047,3.0,0,0,0,0,0.085,-6.6,0.61,0,0,25.650309_-100.278294
25.650309,-100.278294,2026-05-27 22:44:00,27,5,2026,22,44,123.6,4.592,505.0,0.88,58.84,207190,0,4.592,506.8,0.89,58.84,207750,0,0.172,21.0,0,0,0,0,0.033,1.6,1.0,0,0,25.650309_-100.278294
25.650309,-100.278294,2026-05-28 02:42:00,28,5,2026,2,42,126.5,2.317,193.2,0.65,58.79,208680,0,2.316,194.1,0.66,58.79,209240,0,10.334,926.2,0,0,0,0,0.032,1.2,1.0,0,0,25.650309_-100.278294
25.650309,-100.278294,2026-05-28 06:27:00,28,5,2026,6,27,125.7,2.077,163.8,0.62,58.84,209380,0,2.075,164.4,0.63,58.84,209940,0,0.171,21.0,0,0,0,0,0.032,1.5,1.0,0,0,25.650309_-100.278294
25.650309,-100.278294,2026-05-28 10:41:00,28,5,2026,10,41,123.3,2.343,182.8,0.63,58.88,210090,0,2.317,181.4,0.63,58.88,210650,0,0.17,20.6,0,0,0,0,0.032,1.4,1.0,0,0,25.650309_-100.278294
25.650309,-100.278294,2026-05-28 13:35:00,28,5,2026,13,35,122.4,3.062,297.9,0.79,58.87,210970,0,3.06,297.4,0.79,58.87,211550,0,0.046,3.0,0,0,0,0,0.032,1.5,1.0,0,0,25.650309_-100.278294
25.650309,-100.278294,2026-05-28 15:34:00,28,5,2026,15,34,122.0,3.03,264.9,0.71,58.87,211490,0,3.024,266.2,0.72,58.87,212060,0,0.045,2.7,0,0,0,0,0.032,1.5,1.0,0,0,25.650309_-100.278294
