timestamp,power_a,direction_a,tbd,direction_b,power_b,energy_forword_a,energy_reverse_a,energy_forword_b,energy_reserse_b,power_factor,freq,voltage_a,current_a,current_b,total_power,voltage_coef,current_a_calibration,power_a_calibration,energy_a_calibration_fwd,coef_a_reset,power_factor_b,freq_calibration,current_b_calibration,power_b_calibration,energy_b_calibration_fwd,coef_b_reset,energy_a_calibration_rev,energy_b_calibration_rev,report_rate_control,forward_energy_total,reverse_energy_total
2026-04-24 16:14:02,5686,REVERSE,False,FORWARD,6069,5873,5750,6113,3860,86,5887,1315,5004,6257,383,1000,1000,1000,1000,False,73,1000,1000,1000,1000,False,1000,1000,10,11986,9610
2026-04-24 16:37:17,4046,REVERSE,False,FORWARD,5174,5873,5767,6132,3860,78,5884,1314,3892,5401,1128,1000,1000,1000,1000,False,72,1000,1000,1000,1000,False,1000,1000,10,12005,9627
2026-04-24 16:38:56,3896,REVERSE,False,FORWARD,5088,5873,5769,6135,3860,77,5888,1317,3787,5300,1192,1000,1000,1000,1000,False,72,1000,1000,1000,1000,False,1000,1000,10,12008,9629
2026-04-24 17:23:32,967,REVERSE,False,FORWARD,2234,5873,5787,6158,3865,30,5882,1316,2442,3105,1267,1000,1000,1000,1000,False,54,1000,1000,1000,1000,False,1000,1000,10,12031,9652
2026-04-24 17:24:39,949,REVERSE,False,FORWARD,2221,5873,5787,6158,3865,29,5882,1314,2448,3099,1272,1000,1000,1000,1000,False,54,1000,1000,1000,1000,False,1000,1000,10,12031,9652
2026-04-24 18:02:36,499,FORWARD,False,FORWARD,36,5874,5790,6165,3868,16,5882,1321,2235,1840,535,1000,1000,1000,1000,False,1,1000,1000,1000,1000,False,1000,1000,10,12039,9658
2026-04-24 21:27:44,4553,FORWARD,False,REVERSE,2525,5982,5790,6165,3944,74,5885,1339,4543,2671,2028,1000,1000,1000,1000,False,70,1000,1000,1000,1000,False,1000,1000,10,12147,9734
2026-04-24 23:27:28,2446,FORWARD,False,REVERSE,1860,6050,5790,6165,3988,71,5881,1343,2538,2131,586,1000,1000,1000,1000,False,64,1000,1000,1000,1000,False,1000,1000,10,12215,9778
2026-04-25 00:51:13,2301,FORWARD,False,REVERSE,1387,6091,5790,6165,4011,73,5881,1346,2336,1802,914,1000,1000,1000,1000,False,57,1000,1000,1000,1000,False,1000,1000,10,12256,9801
2026-04-25 01:57:20,2368,FORWARD,False,REVERSE,1388,6115,5790,6165,4026,73,5887,1349,2382,1804,980,1000,1000,1000,1000,False,57,1000,1000,1000,1000,False,1000,1000,10,12280,9816
2026-04-25 02:56:57,2316,FORWARD,False,REVERSE,1384,6139,5790,6165,4040,74,5882,1348,2313,1802,932,1000,1000,1000,1000,False,56,1000,1000,1000,1000,False,1000,1000,10,12304,9830
2026-04-25 03:54:16,2294,FORWARD,False,REVERSE,1384,6160,5790,6165,4052,74,5882,1349,2289,1806,910,1000,1000,1000,1000,False,56,1000,1000,1000,1000,False,1000,1000,10,12325,9842
2026-04-25 04:38:07,2651,FORWARD,False,REVERSE,1397,6178,5790,6165,4063,71,5884,1351,2753,1808,1254,1000,1000,1000,1000,False,57,1000,1000,1000,1000,False,1000,1000,10,12343,9853
2026-04-25 05:25:08,2493,FORWARD,False,REVERSE,1395,6197,5790,6165,4074,72,5884,1353,2524,1808,1098,1000,1000,1000,1000,False,57,1000,1000,1000,1000,False,1000,1000,10,12362,9864
2026-04-25 06:00:41,2100,FORWARD,False,REVERSE,1413,6209,5790,6165,4082,81,5882,1357,1904,1815,687,1000,1000,1000,1000,False,57,1000,1000,1000,1000,False,1000,1000,10,12374,9872
2026-04-25 07:24:48,224,FORWARD,False,FORWARD,544,6228,5790,6166,4093,12,5887,1350,1337,1611,768,1000,1000,1000,1000,False,24,1000,1000,1000,1000,False,1000,1000,10,12394,9883
2026-04-25 08:12:21,2084,REVERSE,False,FORWARD,2598,6229,5794,6177,4093,66,5881,1341,2346,3186,514,1000,1000,1000,1000,False,60,1000,1000,1000,1000,False,1000,1000,10,12406,9887
2026-04-25 09:02:10,4398,REVERSE,False,FORWARD,5764,6229,5821,6212,4093,85,5881,1342,3833,5662,1366,1000,1000,1000,1000,False,75,1000,1000,1000,1000,False,1000,1000,10,12441,9914
2026-04-25 09:51:54,151,REVERSE,False,FORWARD,1516,6229,5864,6267,4093,5,5882,1333,2268,2772,1365,1000,1000,1000,1000,False,41,1000,1000,1000,1000,False,1000,1000,10,12496,9957
2026-04-25 10:28:00,963,REVERSE,False,FORWARD,2328,6233,5866,6273,4093,32,5885,1329,2200,3193,1365,1000,1000,1000,1000,False,54,1000,1000,1000,1000,False,1000,1000,10,12506,9959
2026-04-25 11:10:34,8941,REVERSE,False,FORWARD,10435,6233,5885,6304,4093,89,5888,1333,7442,9696,1494,1000,1000,1000,1000,False,80,1000,1000,1000,1000,False,1000,1000,10,12537,9978
2026-04-25 11:57:06,10282,REVERSE,False,FORWARD,11551,6233,5956,6386,4093,90,5884,1332,8500,10660,1269,1000,1000,1000,1000,False,81,1000,1000,1000,1000,False,1000,1000,10,12619,10049
2026-04-25 12:56:07,11945,REVERSE,False,FORWARD,12327,6233,6062,6500,4093,89,5887,1333,9943,11002,382,1000,1000,1000,1000,False,84,1000,1000,1000,1000,False,1000,1000,10,12733,10155
2026-04-25 13:43:10,12305,REVERSE,False,FORWARD,12128,6233,6137,6574,4093,89,5884,1330,10373,11017,-177,1000,1000,1000,1000,False,82,1000,1000,1000,1000,False,1000,1000,10,12807,10230
2026-04-25 14:22:15,1537,FORWARD,False,REVERSE,602,6233,6193,6631,4093,46,5885,1320,2484,1551,935,1000,1000,1000,1000,False,29,1000,1000,1000,1000,False,1000,1000,10,12864,10286
2026-04-25 15:01:13,1840,REVERSE,False,FORWARD,2780,6234,6205,6649,4093,58,5881,1325,2383,3320,940,1000,1000,1000,1000,False,63,1000,1000,1000,1000,False,1000,1000,10,12883,10298
2026-04-25 15:49:19,7668,REVERSE,False,FORWARD,8164,6236,6241,6691,4094,88,5892,1324,6554,7438,496,1000,1000,1000,1000,False,82,1000,1000,1000,1000,False,1000,1000,10,12927,10335
2026-04-25 16:21:12,5971,REVERSE,False,FORWARD,6453,6236,6278,6729,4094,87,5887,1322,5168,6031,482,1000,1000,1000,1000,False,80,1000,1000,1000,1000,False,1000,1000,10,12965,10372
2026-04-25 17:01:04,3011,REVERSE,False,FORWARD,4094,6236,6307,6763,4094,77,5884,1319,2932,4086,1083,1000,1000,1000,1000,False,75,1000,1000,1000,1000,False,1000,1000,10,12999,10401
2026-04-25 17:50:05,990,FORWARD,False,FORWARD,1539,6238,6319,6784,4094,38,5887,1317,1931,2042,2529,1000,1000,1000,1000,False,57,1000,1000,1000,1000,False,1000,1000,10,13022,10413
2026-04-25 19:16:02,9109,FORWARD,False,REVERSE,7916,6334,6319,6788,4156,84,5885,1317,8219,6306,1193,1000,1000,1000,1000,False,95,1000,1000,1000,1000,False,1000,1000,10,13122,10475
2026-04-25 22:33:37,10964,FORWARD,False,REVERSE,9338,6610,6319,6788,4382,86,5885,1333,9471,7199,1626,1000,1000,1000,1000,False,97,1000,1000,1000,1000,False,1000,1000,10,13398,10701
2026-04-26 00:27:11,5127,FORWARD,False,REVERSE,4197,6771,6319,6788,4512,86,5879,1346,4418,3197,930,1000,1000,1000,1000,False,97,1000,1000,1000,1000,False,1000,1000,10,13559,10831
2026-04-26 02:02:40,7540,FORWARD,False,REVERSE,6782,6891,6319,6788,4622,89,5885,1346,6217,5094,758,1000,1000,1000,1000,False,98,1000,1000,1000,1000,False,1000,1000,10,13679,10941
2026-04-26 03:11:59,6774,FORWARD,False,REVERSE,6463,6972,6319,6788,4697,92,5882,1351,5426,4841,311,1000,1000,1000,1000,False,98,1000,1000,1000,1000,False,1000,1000,10,13760,11016
2026-04-26 04:07:07,6632,FORWARD,False,REVERSE,6316,7034,6319,6788,4757,92,5882,1346,5332,4748,316,1000,1000,1000,1000,False,98,1000,1000,1000,1000,False,1000,1000,10,13822,11076
2026-04-26 05:01:13,6670,FORWARD,False,REVERSE,6251,7095,6319,6788,4814,91,5884,1352,5357,4680,419,1000,1000,1000,1000,False,98,1000,1000,1000,1000,False,1000,1000,10,13883,11133
2026-04-26 05:49:26,5938,FORWARD,False,REVERSE,5610,7144,6319,6788,4860,91,5884,1349,4781,4211,328,1000,1000,1000,1000,False,98,1000,1000,1000,1000,False,1000,1000,10,13932,11179
2026-04-26 06:33:52,5498,FORWARD,False,REVERSE,5145,7188,6319,6788,4902,87,5887,1351,4660,3889,353,1000,1000,1000,1000,False,97,1000,1000,1000,1000,False,1000,1000,10,13976,11221
2026-04-26 07:50:18,3421,FORWARD,False,REVERSE,2253,7246,6319,6788,4953,75,5885,1340,3379,1894,1168,1000,1000,1000,1000,False,88,1000,1000,1000,1000,False,1000,1000,10,14034,11272
2026-04-26 08:34:34,3127,FORWARD,False,REVERSE,1880,7266,6319,6788,4964,69,5885,1338,3337,1760,1247,1000,1000,1000,1000,False,79,1000,1000,1000,1000,False,1000,1000,10,14054,11283
2026-04-26 09:25:37,3744,REVERSE,False,FORWARD,5017,7270,6323,6800,4966,86,5885,1345,3220,4951,1273,1000,1000,1000,1000,False,75,1000,1000,1000,1000,False,1000,1000,10,14070,11289
2026-04-26 10:05:33,5943,REVERSE,False,FORWARD,7071,7270,6356,6842,4966,90,5885,1344,4893,6654,1128,1000,1000,1000,1000,False,79,1000,1000,1000,1000,False,1000,1000,10,14112,11322
2026-04-26 10:59:44,6214,REVERSE,False,FORWARD,7764,7270,6406,6896,4967,89,5887,1340,5179,7710,1550,1000,1000,1000,1000,False,75,1000,1000,1000,1000,False,1000,1000,10,14166,11373
2026-04-26 11:50:33,6398,REVERSE,False,FORWARD,8641,7270,6461,6962,4967,83,5885,1335,5758,8447,2243,1000,1000,1000,1000,False,76,1000,1000,1000,1000,False,1000,1000,10,14232,11428
2026-04-26 12:31:38,4021,REVERSE,False,FORWARD,5286,7270,6502,7022,4967,82,5882,1331,3649,5982,1265,1000,1000,1000,1000,False,66,1000,1000,1000,1000,False,1000,1000,10,14292,11469
2026-04-26 13:31:20,10984,REVERSE,False,FORWARD,12953,7282,6531,7062,4975,91,5884,1325,9026,11833,1314,1000,1000,1000,1000,False,82,1000,1000,1000,1000,False,1000,1000,10,14344,11506
2026-04-26 14:05:40,11189,REVERSE,False,FORWARD,11339,7282,6594,7130,4975,89,5890,1328,9443,10437,150,1000,1000,1000,1000,False,81,1000,1000,1000,1000,False,1000,1000,10,14412,11569
2026-04-26 14:55:35,9403,REVERSE,False,FORWARD,9752,7282,6678,7217,4975,88,5888,1320,8050,9141,349,1000,1000,1000,1000,False,80,1000,1000,1000,1000,False,1000,1000,10,14499,11653
2026-04-26 15:36:06,7405,REVERSE,False,FORWARD,7683,7282,6738,7278,4975,86,5885,1322,6433,7465,278,1000,1000,1000,1000,False,77,1000,1000,1000,1000,False,1000,1000,10,14560,11713
2026-04-26 16:07:18,8542,REVERSE,False,FORWARD,8888,7282,6762,7304,4975,87,5888,1320,7401,8482,346,1000,1000,1000,1000,False,79,1000,1000,1000,1000,False,1000,1000,10,14586,11737
2026-04-26 16:57:22,3992,REVERSE,False,FORWARD,3840,7282,6812,7353,4975,79,5887,1317,3815,4538,-152,1000,1000,1000,1000,False,64,1000,1000,1000,1000,False,1000,1000,10,14635,11787
2026-04-26 17:41:52,1008,REVERSE,False,FORWARD,966,7282,6829,7370,4975,33,5890,1312,2282,2433,-42,1000,1000,1000,1000,False,30,1000,1000,1000,1000,False,1000,1000,10,14652,11804
2026-04-26 19:15:25,9993,FORWARD,False,REVERSE,8724,7386,6832,7372,5070,81,5882,1316,9328,6973,1269,1000,1000,1000,1000,False,95,1000,1000,1000,1000,False,1000,1000,10,14758,11902
2026-04-26 22:42:59,14915,FORWARD,False,REVERSE,13578,7723,6832,7372,5401,85,5881,1315,13215,10615,1337,1000,1000,1000,1000,False,97,1000,1000,1000,1000,False,1000,1000,10,15095,12233
2026-04-27 01:25:30,9186,FORWARD,False,REVERSE,7916,8036,6832,7372,5679,89,5882,1331,7730,6058,1270,1000,1000,1000,1000,False,98,1000,1000,1000,1000,False,1000,1000,10,15408,12511
2026-04-27 03:37:22,8466,FORWARD,False,REVERSE,7111,8222,6832,7372,5838,88,5881,1344,7093,5374,1355,1000,1000,1000,1000,False,98,1000,1000,1000,1000,False,1000,1000,10,15594,12670
2026-04-27 05:25:38,8198,FORWARD,False,REVERSE,6901,8372,6832,7372,5965,89,5887,1346,6838,5217,1297,1000,1000,1000,1000,False,98,1000,1000,1000,1000,False,1000,1000,10,15744,12797
2026-04-27 07:02:20,5233,FORWARD,False,REVERSE,4430,8505,6832,7372,6066,90,5887,1335,4342,3386,803,1000,1000,1000,1000,False,97,1000,1000,1000,1000,False,1000,1000,10,15877,12898
2026-04-27 09:14:32,5580,REVERSE,False,FORWARD,6523,8535,6859,7422,6099,81,5885,1325,5189,6147,943,1000,1000,1000,1000,False,80,1000,1000,1000,1000,False,1000,1000,10,15957,12958
2026-04-27 10:57:39,10372,REVERSE,False,FORWARD,11288,8535,6963,7540,6099,86,5885,1328,8970,10004,916,1000,1000,1000,1000,False,84,1000,1000,1000,1000,False,1000,1000,10,16075,13062
2026-04-27 12:09:29,12591,REVERSE,False,FORWARD,13514,8535,7095,7683,6099,87,5884,1322,10853,11934,923,1000,1000,1000,1000,False,85,1000,1000,1000,1000,False,1000,1000,10,16218,13194
2026-04-27 13:48:11,11897,REVERSE,False,FORWARD,12823,8535,7271,7871,6099,87,5888,1321,10266,11335,926,1000,1000,1000,1000,False,85,1000,1000,1000,1000,False,1000,1000,10,16406,13370
2026-04-27 14:45:36,776,REVERSE,False,FORWARD,1875,8535,7321,7933,6099,25,5884,1306,2367,2293,1099,1000,1000,1000,1000,False,62,1000,1000,1000,1000,False,1000,1000,10,16468,13420
2026-04-27 15:41:26,3682,REVERSE,False,FORWARD,4529,8535,7365,7986,6099,75,5884,1309,3744,4449,847,1000,1000,1000,1000,False,77,1000,1000,1000,1000,False,1000,1000,10,16521,13464
2026-04-27 16:33:53,4755,REVERSE,False,FORWARD,5273,8535,7410,8037,6099,80,5888,1316,4463,5237,518,1000,1000,1000,1000,False,76,1000,1000,1000,1000,False,1000,1000,10,16572,13509
2026-04-27 17:32:29,4316,FORWARD,False,REVERSE,11601,8536,7429,8063,6099,76,5888,1303,4334,8958,-7285,1000,1000,1000,1000,False,99,1000,1000,1000,1000,False,1000,1000,10,16599,13528
2026-04-27 19:17:13,14085,FORWARD,False,REVERSE,13657,8617,7429,8063,6196,86,5888,1319,12352,10859,428,1000,1000,1000,1000,False,95,1000,1000,1000,1000,False,1000,1000,10,16680,13625
2026-04-27 22:46:08,7764,FORWARD,False,REVERSE,8510,9120,7429,8063,6717,87,5881,1328,6703,6663,-746,1000,1000,1000,1000,False,96,1000,1000,1000,1000,False,1000,1000,10,17183,14146
2026-04-28 01:19:40,8300,FORWARD,False,REVERSE,6332,9337,7429,8063,6898,85,5885,1340,7226,4983,1968,1000,1000,1000,1000,False,94,1000,1000,1000,1000,False,1000,1000,10,17400,14327
2026-04-28 03:37:33,7194,FORWARD,False,REVERSE,5854,9512,7429,8063,7035,88,5885,1348,6020,4593,1340,1000,1000,1000,1000,False,94,1000,1000,1000,1000,False,1000,1000,10,17575,14464
2026-04-28 05:25:36,6774,FORWARD,False,REVERSE,5468,9637,7429,8063,7136,90,5885,1347,5589,4230,1306,1000,1000,1000,1000,False,95,1000,1000,1000,1000,False,1000,1000,10,17700,14565
2026-04-28 07:11:17,7503,FORWARD,False,REVERSE,5430,9757,7429,8063,7233,85,5882,1342,6549,4305,2073,1000,1000,1000,1000,False,93,1000,1000,1000,1000,False,1000,1000,10,17820,14662
2026-04-28 09:45:05,366,REVERSE,False,FORWARD,1374,9791,7442,8086,7271,14,5885,1326,1968,2045,1008,1000,1000,1000,1000,False,50,1000,1000,1000,1000,False,1000,1000,10,17877,14713
2026-04-28 11:19:12,3113,REVERSE,False,FORWARD,4405,9791,7502,8165,7271,70,5884,1322,3343,4442,1292,1000,1000,1000,1000,False,74,1000,1000,1000,1000,False,1000,1000,10,17956,14773
2026-04-28 12:56:59,8728,REVERSE,False,FORWARD,11378,9791,7626,8295,7271,88,5887,1324,7441,10140,2650,1000,1000,1000,1000,False,84,1000,1000,1000,1000,False,1000,1000,10,18086,14897
2026-04-28 14:17:50,7923,REVERSE,False,FORWARD,9932,9791,7728,8398,7271,89,5884,1315,6732,9142,2009,1000,1000,1000,1000,False,82,1000,1000,1000,1000,False,1000,1000,10,18189,14999
2026-04-28 15:33:02,8080,REVERSE,False,FORWARD,7745,9791,7834,8512,7271,88,5885,1305,6947,7295,-335,1000,1000,1000,1000,False,81,1000,1000,1000,1000,False,1000,1000,10,18303,15105
2026-04-28 16:34:22,5203,REVERSE,False,FORWARD,5391,9791,7890,8558,7271,54,5885,1299,7293,5374,188,1000,1000,1000,1000,False,77,1000,1000,1000,1000,False,1000,1000,10,18349,15161
2026-04-28 17:32:02,1385,REVERSE,False,FORWARD,598,9791,7923,8585,7272,16,5882,1304,6255,1973,-787,1000,1000,1000,1000,False,23,1000,1000,1000,1000,False,1000,1000,10,18376,15195
2026-04-28 19:19:11,292,REVERSE,False,REVERSE,1750,9808,7928,8586,7288,4,5890,1314,5274,1724,-2042,1000,1000,1000,1000,False,77,1000,1000,1000,1000,False,1000,1000,10,18394,15216
2026-04-28 22:42:53,7838,FORWARD,False,REVERSE,7012,10172,7928,8586,7650,87,5884,1324,6781,5450,826,1000,1000,1000,1000,False,97,1000,1000,1000,1000,False,1000,1000,10,18758,15578
2026-04-29 01:11:35,9273,FORWARD,False,REVERSE,8157,10396,7928,8586,7853,89,5884,1339,7732,6210,1116,1000,1000,1000,1000,False,98,1000,1000,1000,1000,False,1000,1000,10,18982,15781
2026-04-29 03:24:25,8610,FORWARD,False,REVERSE,7378,10582,7928,8586,8014,89,5885,1345,7136,5568,1232,1000,1000,1000,1000,False,98,1000,1000,1000,1000,False,1000,1000,10,19168,15942
2026-04-29 05:13:51,7329,FORWARD,False,REVERSE,6095,10731,7928,8586,8136,88,5885,1350,6098,4574,1234,1000,1000,1000,1000,False,98,1000,1000,1000,1000,False,1000,1000,10,19317,16064
2026-04-29 06:55:40,3819,FORWARD,False,REVERSE,2549,10842,7928,8586,8228,77,5885,1346,3661,1983,1270,1000,1000,1000,1000,False,95,1000,1000,1000,1000,False,1000,1000,10,19428,16156
2026-04-29 09:11:16,11029,FORWARD,False,REVERSE,8584,10879,7955,8633,8239,77,5887,1319,10812,7093,2445,1000,1000,1000,1000,False,91,1000,1000,1000,1000,False,1000,1000,10,19512,16194
2026-04-29 10:54:00,5652,FORWARD,False,REVERSE,3600,11014,7955,8633,8315,69,5882,1312,6232,3154,2052,1000,1000,1000,1000,False,86,1000,1000,1000,1000,False,1000,1000,10,19647,16270
2026-04-29 12:08:46,11430,REVERSE,False,FORWARD,13090,11047,7965,8651,8332,91,5888,1316,9497,11635,1660,1000,1000,1000,1000,False,85,1000,1000,1000,1000,False,1000,1000,10,19698,16297
2026-04-29 13:52:39,4209,FORWARD,False,REVERSE,2550,11076,8053,8754,8345,63,5887,1298,5101,2452,1659,1000,1000,1000,1000,False,80,1000,1000,1000,1000,False,1000,1000,10,19830,16398
2026-04-29 14:51:06,1805,REVERSE,False,FORWARD,3273,11115,8071,8780,8375,61,5885,1289,2278,3447,1468,1000,1000,1000,1000,False,73,1000,1000,1000,1000,False,1000,1000,10,19895,16446
2026-04-29 15:47:50,802,FORWARD,False,FORWARD,760,11118,8089,8808,8375,26,5884,1289,2306,1483,1562,1000,1000,1000,1000,False,39,1000,1000,1000,1000,False,1000,1000,10,19926,16464
2026-04-29 16:41:26,1894,FORWARD,False,REVERSE,371,11125,8089,8815,8375,52,5882,1294,2791,1040,1523,1000,1000,1000,1000,False,27,1000,1000,1000,1000,False,1000,1000,10,19940,16464
2026-04-29 17:37:04,1033,FORWARD,False,FORWARD,436,11139,8089,8817,8377,35,5882,1308,2229,1323,1469,1000,1000,1000,1000,False,25,1000,1000,1000,1000,False,1000,1000,10,19956,16466
2026-04-29 19:21:33,5741,FORWARD,False,REVERSE,5065,11231,8089,8818,8450,78,5888,1317,5541,4059,676,1000,1000,1000,1000,False,94,1000,1000,1000,1000,False,1000,1000,10,20049,16539
2026-04-29 22:47:13,14417,FORWARD,False,REVERSE,13332,11696,8089,8818,8858,85,5885,1316,12792,10486,1085,1000,1000,1000,1000,False,96,1000,1000,1000,1000,False,1000,1000,10,20514,16947
2026-04-30 01:17:28,11446,FORWARD,False,REVERSE,10441,12034,8089,8818,9181,89,5888,1331,9615,8192,1005,1000,1000,1000,1000,False,95,1000,1000,1000,1000,False,1000,1000,10,20852,17270
2026-04-30 03:31:05,10241,FORWARD,False,REVERSE,9027,12275,8089,8818,9393,90,5885,1344,8444,6978,1214,1000,1000,1000,1000,False,96,1000,1000,1000,1000,False,1000,1000,10,21093,17482
2026-04-30 05:16:28,9356,FORWARD,False,REVERSE,8066,12445,8089,8818,9541,88,5885,1348,7824,6222,1290,1000,1000,1000,1000,False,96,1000,1000,1000,1000,False,1000,1000,10,21263,17630
2026-04-30 06:58:08,9814,FORWARD,False,REVERSE,7610,12608,8089,8818,9675,83,5881,1339,8739,6028,2204,1000,1000,1000,1000,False,94,1000,1000,1000,1000,False,1000,1000,10,21426,17764
2026-04-30 09:13:34,826,REVERSE,False,FORWARD,2143,12674,8102,8848,9725,32,5888,1326,1903,2490,1317,1000,1000,1000,1000,False,64,1000,1000,1000,1000,False,1000,1000,10,21522,17827
2026-04-30 10:49:34,3191,REVERSE,False,FORWARD,4687,12674,8144,8913,9725,72,5884,1321,3314,4563,1496,1000,1000,1000,1000,False,77,1000,1000,1000,1000,False,1000,1000,10,21587,17869
2026-04-30 12:00:29,1686,REVERSE,False,FORWARD,3280,12674,8221,9007,9725,50,5885,1321,2504,3389,1594,1000,1000,1000,1000,False,73,1000,1000,1000,1000,False,1000,1000,10,21681,17946
2026-04-30 13:45:37,3801,REVERSE,False,FORWARD,5201,12674,8275,9085,9725,77,5885,1317,3700,4986,1400,1000,1000,1000,1000,False,79,1000,1000,1000,1000,False,1000,1000,10,21759,18000
2026-05-12 14:40:49,6581,REVERSE,False,FORWARD,7062,22866,13548,15118,18141,72,5882,1324,6835,6511,481,1000,1000,1000,1000,False,81,1000,1000,1000,1000,False,1000,1000,10,37984,31689
2026-05-12 14:46:00,9630,REVERSE,False,FORWARD,8404,22866,13555,15126,18141,96,5884,1323,7514,7602,-1226,1000,1000,1000,1000,False,83,1000,1000,1000,1000,False,1000,1000,10,37992,31696
2026-05-12 16:12:42,655,REVERSE,False,FORWARD,3277,22866,13655,15216,18141,45,5885,1325,1093,3527,2622,1000,1000,1000,1000,False,70,1000,1000,1000,1000,False,1000,1000,10,38082,31796
2026-05-12 17:31:51,10222,FORWARD,False,REVERSE,12885,22885,13668,15238,18162,64,5884,1316,11947,10534,-2663,1000,1000,1000,1000,False,92,1000,1000,1000,1000,False,1000,1000,10,38123,31830
2026-05-12 19:26:05,9413,FORWARD,False,REVERSE,6618,23123,13668,15238,18376,81,5881,1336,8660,5152,2795,1000,1000,1000,1000,False,96,1000,1000,1000,1000,False,1000,1000,10,38361,32044
2026-05-12 23:33:28,3180,FORWARD,False,REVERSE,2213,23405,13668,15238,18528,80,5881,1345,2924,2390,967,1000,1000,1000,1000,False,68,1000,1000,1000,1000,False,1000,1000,10,38643,32196
2026-05-13 02:21:54,3902,FORWARD,False,REVERSE,2033,23519,13668,15238,18594,82,5881,1353,3498,2035,1869,1000,1000,1000,1000,False,73,1000,1000,1000,1000,False,1000,1000,10,38757,32262
2026-05-13 05:14:20,3119,FORWARD,False,REVERSE,1968,23630,13668,15238,18652,89,5876,1358,2582,1966,1151,1000,1000,1000,1000,False,73,1000,1000,1000,1000,False,1000,1000,10,38868,32320
2026-05-13 07:32:41,1488,FORWARD,False,FORWARD,978,23708,13668,15239,18681,38,5884,1346,2863,1635,2466,1000,1000,1000,1000,False,44,1000,1000,1000,1000,False,1000,1000,10,38947,32349
2026-05-13 10:08:54,1261,REVERSE,False,FORWARD,4653,23728,13687,15320,18694,33,5882,1338,2773,4525,3392,1000,1000,1000,1000,False,76,1000,1000,1000,1000,False,1000,1000,10,39048,32381
2026-05-13 12:19:55,4618,REVERSE,False,FORWARD,7071,23732,13772,15465,18695,80,5884,1340,4289,6864,2453,1000,1000,1000,1000,False,76,1000,1000,1000,1000,False,1000,1000,10,39197,32467
2026-05-13 14:15:32,2813,REVERSE,False,FORWARD,4074,23734,13892,15603,18708,72,5881,1329,2924,4839,1261,1000,1000,1000,1000,False,63,1000,1000,1000,1000,False,1000,1000,10,39337,32600
2026-05-13 15:48:16,5744,REVERSE,False,FORWARD,8309,23734,13933,15664,18708,87,5885,1322,4940,7888,2565,1000,1000,1000,1000,False,79,1000,1000,1000,1000,False,1000,1000,10,39398,32641
2026-05-13 17:05:45,5280,FORWARD,False,REVERSE,3552,23749,13974,15736,18717,75,5881,1311,5334,2864,1728,1000,1000,1000,1000,False,94,1000,1000,1000,1000,False,1000,1000,10,39485,32691
2026-05-13 18:18:29,2742,FORWARD,False,REVERSE,848,23763,13982,15749,18725,64,5885,1324,3182,1331,1894,1000,1000,1000,1000,False,48,1000,1000,1000,1000,False,1000,1000,10,39512,32707
2026-05-13 22:17:22,8322,FORWARD,False,REVERSE,6012,24050,13982,15749,18900,83,5881,1348,7426,4573,2310,1000,1000,1000,1000,False,97,1000,1000,1000,1000,False,1000,1000,10,39799,32882
2026-05-14 01:26:17,4191,FORWARD,False,REVERSE,2572,24293,13982,15749,19075,83,5878,1350,3719,2095,1619,1000,1000,1000,1000,False,90,1000,1000,1000,1000,False,1000,1000,10,40042,33057
2026-05-14 03:57:53,7417,FORWARD,False,REVERSE,5447,24380,13982,15749,19128,88,5881,1354,6179,4142,1970,1000,1000,1000,1000,False,97,1000,1000,1000,1000,False,1000,1000,10,40129,33110
2026-05-14 05:57:43,6178,FORWARD,False,REVERSE,4001,24509,13982,15749,19215,85,5876,1356,5306,3110,2177,1000,1000,1000,1000,False,94,1000,1000,1000,1000,False,1000,1000,10,40258,33197
2026-05-14 08:30:38,3138,REVERSE,False,FORWARD,4574,24591,13995,15775,19272,71,5876,1351,3247,4378,1436,1000,1000,1000,1000,False,77,1000,1000,1000,1000,False,1000,1000,10,40366,33267
2026-05-14 10:31:57,10401,REVERSE,False,FORWARD,10979,24591,14131,15936,19272,85,5881,1341,9039,9643,578,1000,1000,1000,1000,False,84,1000,1000,1000,1000,False,1000,1000,10,40527,33403
2026-05-14 12:21:41,12052,REVERSE,False,FORWARD,13129,24591,14331,16153,19272,85,5884,1343,10490,11651,1077,1000,1000,1000,1000,False,83,1000,1000,1000,1000,False,1000,1000,10,40744,33603
2026-05-14 14:18:17,11008,REVERSE,False,FORWARD,12254,24591,14571,16413,19272,86,5885,1327,9561,10855,1246,1000,1000,1000,1000,False,85,1000,1000,1000,1000,False,1000,1000,10,41004,33843
2026-05-14 15:40:35,7865,REVERSE,False,FORWARD,9290,24591,14698,16558,19272,84,5884,1320,7025,8433,1425,1000,1000,1000,1000,False,83,1000,1000,1000,1000,False,1000,1000,10,41149,33970
2026-05-14 16:57:12,6730,REVERSE,False,FORWARD,6112,24591,14776,16644,19272,81,5882,1318,6279,5743,-618,1000,1000,1000,1000,False,80,1000,1000,1000,1000,False,1000,1000,10,41235,34048
2026-05-14 18:01:24,1974,REVERSE,False,FORWARD,714,24595,14798,16668,19272,30,5884,1321,4922,1586,-1260,1000,1000,1000,1000,False,34,1000,1000,1000,1000,False,1000,1000,10,41263,34070
2026-05-14 22:31:34,9006,FORWARD,False,REVERSE,7679,25029,14805,16670,19633,87,5881,1343,7608,5830,1327,1000,1000,1000,1000,False,98,1000,1000,1000,1000,False,1000,1000,10,41699,34438
2026-05-15 01:44:45,5332,FORWARD,False,REVERSE,4712,25261,14805,16670,19835,91,5879,1347,4333,3679,620,1000,1000,1000,1000,False,95,1000,1000,1000,1000,False,1000,1000,10,41931,34640
2026-05-15 04:24:36,4606,FORWARD,False,REVERSE,4470,25407,14805,16670,19960,95,5876,1352,3576,3475,136,1000,1000,1000,1000,False,95,1000,1000,1000,1000,False,1000,1000,10,42077,34765
2026-05-15 06:22:04,2307,FORWARD,False,REVERSE,2008,25500,14805,16670,20042,68,5884,1352,2476,1982,299,1000,1000,1000,1000,False,74,1000,1000,1000,1000,False,1000,1000,10,42170,34847
2026-05-15 09:04:46,3761,REVERSE,False,FORWARD,3008,25569,14815,16682,20095,79,5887,1343,3521,3861,-753,1000,1000,1000,1000,False,58,1000,1000,1000,1000,False,1000,1000,10,42251,34910
2026-05-15 11:03:01,10531,REVERSE,False,FORWARD,10963,25569,14965,16843,20095,87,5882,1345,8964,9824,432,1000,1000,1000,1000,False,82,1000,1000,1000,1000,False,1000,1000,10,42412,35060
2026-05-15 12:58:49,12313,REVERSE,False,FORWARD,12818,25569,15189,17077,20095,87,5882,1337,10521,11449,505,1000,1000,1000,1000,False,83,1000,1000,1000,1000,False,1000,1000,10,42646,35284
2026-05-15 14:20:13,11312,REVERSE,False,FORWARD,12062,25569,15347,17243,20095,88,5885,1331,9611,10706,750,1000,1000,1000,1000,False,84,1000,1000,1000,1000,False,1000,1000,10,42812,35442
2026-05-15 15:31:59,8232,REVERSE,False,FORWARD,9226,25569,15456,17359,20095,86,5885,1325,7138,8600,994,1000,1000,1000,1000,False,80,1000,1000,1000,1000,False,1000,1000,10,42928,35551
2026-05-15 16:49:28,3848,REVERSE,False,FORWARD,4505,25569,15514,17422,20097,77,5881,1324,3753,4794,657,1000,1000,1000,1000,False,70,1000,1000,1000,1000,False,1000,1000,10,42991,35611
2026-05-15 17:07:07,5405,FORWARD,False,REVERSE,4639,25579,15516,17424,20105,78,5885,1315,5248,3631,766,1000,1000,1000,1000,False,97,1000,1000,1000,1000,False,1000,1000,10,43003,35621
2026-05-15 17:34:26,6568,FORWARD,False,REVERSE,6134,25607,15516,17424,20130,81,5881,1320,6101,4790,434,1000,1000,1000,1000,False,97,1000,1000,1000,1000,False,1000,1000,10,43031,35646
2026-05-15 17:35:22,7106,FORWARD,False,REVERSE,6684,25607,15516,17424,20130,82,5878,1319,6559,5245,422,1000,1000,1000,1000,False,96,1000,1000,1000,1000,False,1000,1000,10,43031,35646
2026-05-15 17:42:07,7316,FORWARD,False,REVERSE,6755,25615,15516,17424,20138,82,5884,1317,6726,5298,561,1000,1000,1000,1000,False,96,1000,1000,1000,1000,False,1000,1000,10,43039,35654
2026-05-15 19:22:21,8804,FORWARD,False,REVERSE,8929,25753,15516,17424,20273,87,5882,1328,7547,6988,-125,1000,1000,1000,1000,False,96,1000,1000,1000,1000,False,1000,1000,10,43177,35789
2026-05-15 23:00:24,7286,FORWARD,False,REVERSE,6831,26080,15516,17424,20575,89,5884,1342,6030,5258,455,1000,1000,1000,1000,False,96,1000,1000,1000,1000,False,1000,1000,10,43504,36091
2026-05-16 01:22:46,5683,FORWARD,False,REVERSE,4739,26233,15516,17424,20707,93,5884,1349,4497,3562,944,1000,1000,1000,1000,False,98,1000,1000,1000,1000,False,1000,1000,10,43657,36223
2026-05-16 03:15:18,4798,FORWARD,False,REVERSE,3813,26333,15516,17424,20784,91,5881,1348,3857,2937,981,1000,1000,1000,1000,False,96,1000,1000,1000,1000,False,1000,1000,10,43757,36300
2026-05-16 04:40:52,4751,FORWARD,False,REVERSE,3695,26403,15516,17424,20839,90,5884,1356,3869,2852,1056,1000,1000,1000,1000,False,95,1000,1000,1000,1000,False,1000,1000,10,43827,36355
2026-05-16 05:51:59,4738,FORWARD,False,REVERSE,3699,26457,15516,17424,20882,90,5879,1358,3835,2853,1039,1000,1000,1000,1000,False,95,1000,1000,1000,1000,False,1000,1000,10,43881,36398
2026-05-16 07:23:54,3112,FORWARD,False,REVERSE,2223,26517,15516,17424,20928,86,5882,1353,2649,1809,889,1000,1000,1000,1000,False,90,1000,1000,1000,1000,False,1000,1000,10,43941,36444
2026-05-16 08:42:26,1444,FORWARD,False,REVERSE,1287,26547,15516,17424,20949,64,5881,1342,1656,1498,157,1000,1000,1000,1000,False,64,1000,1000,1000,1000,False,1000,1000,10,43971,36465
2026-05-16 09:58:52,2859,REVERSE,False,FORWARD,3354,26558,15522,17436,20962,71,5882,1347,2979,3830,495,1000,1000,1000,1000,False,65,1000,1000,1000,1000,False,1000,1000,10,43994,36484
2026-05-16 11:09:03,8467,REVERSE,False,FORWARD,8889,26558,15593,17512,20962,86,5882,1348,7279,8188,422,1000,1000,1000,1000,False,80,1000,1000,1000,1000,False,1000,1000,10,44070,36555
2026-05-16 12:09:43,9902,REVERSE,False,FORWARD,9661,26558,15684,17604,20962,85,5882,1349,8588,9109,-241,1000,1000,1000,1000,False,78,1000,1000,1000,1000,False,1000,1000,10,44162,36646
2026-05-16 13:36:31,10399,REVERSE,False,FORWARD,10412,26558,15812,17733,20962,87,5887,1344,8878,9418,13,1000,1000,1000,1000,False,82,1000,1000,1000,1000,False,1000,1000,10,44291,36774
2026-05-16 14:26:11,1201,FORWARD,False,REVERSE,598,26561,15856,17778,20964,29,5884,1332,3103,1558,603,1000,1000,1000,1000,False,28,1000,1000,1000,1000,False,1000,1000,10,44339,36820
2026-05-16 15:31:36,1783,REVERSE,False,FORWARD,1590,26562,15879,17797,20965,54,5885,1334,2466,2800,-193,1000,1000,1000,1000,False,42,1000,1000,1000,1000,False,1000,1000,10,44359,36844
2026-05-16 16:27:52,3766,FORWARD,False,REVERSE,3203,26586,15881,17799,20985,80,5881,1326,3500,2574,563,1000,1000,1000,1000,False,93,1000,1000,1000,1000,False,1000,1000,10,44385,36866
2026-05-16 17:33:52,6083,FORWARD,False,REVERSE,4282,26627,15881,17799,21017,82,5884,1326,5547,3303,1801,1000,1000,1000,1000,False,97,1000,1000,1000,1000,False,1000,1000,10,44426,36898
2026-05-16 19:29:55,6093,FORWARD,False,REVERSE,4171,26813,15881,17799,21161,81,5881,1337,5596,3197,1922,1000,1000,1000,1000,False,97,1000,1000,1000,1000,False,1000,1000,10,44612,37042
2026-05-16 23:33:50,5497,FORWARD,False,REVERSE,3859,27056,15881,17799,21347,87,5885,1346,4678,2963,1638,1000,1000,1000,1000,False,96,1000,1000,1000,1000,False,1000,1000,10,44855,37228
2026-05-17 01:59:50,8340,FORWARD,False,REVERSE,6600,27206,15881,17799,21469,90,5885,1349,6838,4940,1740,1000,1000,1000,1000,False,98,1000,1000,1000,1000,False,1000,1000,10,45005,37350
2026-05-17 03:56:46,6193,FORWARD,False,REVERSE,4765,27346,15881,17799,21580,89,5879,1351,5123,3715,1428,1000,1000,1000,1000,False,94,1000,1000,1000,1000,False,1000,1000,10,45145,37461
2026-05-17 05:12:00,5752,FORWARD,False,REVERSE,4350,27420,15881,17799,21636,89,5882,1354,4752,3405,1402,1000,1000,1000,1000,False,94,1000,1000,1000,1000,False,1000,1000,10,45219,37517
2026-05-17 06:08:16,6881,FORWARD,False,REVERSE,5688,27477,15881,17799,21683,93,5881,1358,5419,4240,1193,1000,1000,1000,1000,False,98,1000,1000,1000,1000,False,1000,1000,10,45276,37564
2026-05-17 08:00:41,705,REVERSE,False,FORWARD,402,27539,15882,17803,21743,38,5885,1356,1354,1776,-303,1000,1000,1000,1000,False,16,1000,1000,1000,1000,False,1000,1000,10,45342,37625
2026-05-17 09:31:28,1997,REVERSE,False,FORWARD,3650,27539,15910,17834,21743,62,5884,1359,2360,3781,1653,1000,1000,1000,1000,False,71,1000,1000,1000,1000,False,1000,1000,10,45373,37653
2026-05-17 10:36:40,7764,REVERSE,False,FORWARD,10654,27539,15990,17929,21743,93,5881,1360,6067,9396,2890,1000,1000,1000,1000,False,83,1000,1000,1000,1000,False,1000,1000,10,45468,37733
2026-05-17 11:39:47,2888,REVERSE,False,FORWARD,3169,27539,16066,18019,21743,77,5885,1349,2772,3652,281,1000,1000,1000,1000,False,64,1000,1000,1000,1000,False,1000,1000,10,45558,37809
2026-05-17 12:44:02,18358,FORWARD,False,REVERSE,26792,27669,16076,18030,21893,84,5882,1310,16481,21652,-8434,1000,1000,1000,1000,False,94,1000,1000,1000,1000,False,1000,1000,10,45699,37969
2026-05-17 14:04:53,28567,FORWARD,False,REVERSE,27173,27897,16076,18030,22124,87,5884,1305,25003,22899,1394,1000,1000,1000,1000,False,90,1000,1000,1000,1000,False,1000,1000,10,45927,38200
2026-05-17 15:10:39,1868,FORWARD,False,REVERSE,392,28095,16076,18030,22307,52,5882,1329,2686,1039,1476,1000,1000,1000,1000,False,28,1000,1000,1000,1000,False,1000,1000,10,46125,38383
2026-05-17 16:11:00,1690,FORWARD,False,REVERSE,346,28103,16082,18043,22308,54,5882,1330,2343,1061,1344,1000,1000,1000,1000,False,24,1000,1000,1000,1000,False,1000,1000,10,46146,38390
2026-05-17 17:14:17,6716,FORWARD,False,REVERSE,3924,28178,16082,18043,22374,77,5881,1329,6517,3092,2792,1000,1000,1000,1000,False,95,1000,1000,1000,1000,False,1000,1000,10,46221,38456
2026-05-17 18:13:46,6525,FORWARD,False,REVERSE,3255,28238,16082,18043,22405,72,5882,1324,6779,2512,3270,1000,1000,1000,1000,False,97,1000,1000,1000,1000,False,1000,1000,10,46281,38487
2026-05-17 22:45:58,3750,FORWARD,False,REVERSE,3155,28733,16082,18043,22834,80,5881,1340,3480,3206,595,1000,1000,1000,1000,False,73,1000,1000,1000,1000,False,1000,1000,10,46776,38916
2026-05-18 02:45:15,3152,FORWARD,False,REVERSE,1393,28871,16082,18043,22895,80,5885,1350,2877,1836,1759,1000,1000,1000,1000,False,56,1000,1000,1000,1000,False,1000,1000,10,46914,38977
2026-05-18 06:32:20,5424,FORWARD,False,REVERSE,3391,29081,16082,18043,23037,82,5881,1344,4898,2574,2033,1000,1000,1000,1000,False,97,1000,1000,1000,1000,False,1000,1000,10,47124,39119
2026-05-18 10:06:02,1322,REVERSE,False,FORWARD,2509,29142,16172,18165,23079,48,5879,1321,2063,2987,1187,1000,1000,1000,1000,False,63,1000,1000,1000,1000,False,1000,1000,10,47307,39251
2026-05-18 10:33:13,1873,REVERSE,False,FORWARD,3476,29142,16198,18198,23079,55,5881,1322,2554,3544,1603,1000,1000,1000,1000,False,74,1000,1000,1000,1000,False,1000,1000,10,47340,39277
2026-05-18 12:14:38,11952,REVERSE,False,FORWARD,13538,29142,16346,18373,23079,88,5882,1326,10201,11899,1586,1000,1000,1000,1000,False,85,1000,1000,1000,1000,False,1000,1000,10,47515,39425
2026-05-18 14:05:10,381,FORWARD,False,FORWARD,1252,29144,16439,18495,23079,13,5884,1310,2122,1824,1633,1000,1000,1000,1000,False,52,1000,1000,1000,1000,False,1000,1000,10,47639,39518
2026-05-18 15:41:22,216,FORWARD,False,FORWARD,1153,29150,16467,18538,23079,8,5887,1316,1826,1740,1369,1000,1000,1000,1000,False,50,1000,1000,1000,1000,False,1000,1000,10,47688,39546
2026-05-18 17:02:36,8494,FORWARD,False,REVERSE,8002,29238,16467,18541,23156,83,5884,1311,7703,6363,492,1000,1000,1000,1000,False,95,1000,1000,1000,1000,False,1000,1000,10,47779,39623
2026-05-18 19:25:58,7781,FORWARD,False,REVERSE,6279,29422,16467,18541,23303,88,5879,1323,6649,4795,1502,1000,1000,1000,1000,False,98,1000,1000,1000,1000,False,1000,1000,10,47963,39770
2026-05-18 23:49:10,4603,FORWARD,False,REVERSE,3028,29688,16467,18541,23536,87,5885,1339,3901,2465,1575,1000,1000,1000,1000,False,91,1000,1000,1000,1000,False,1000,1000,10,48229,40003
2026-05-19 03:44:04,5697,FORWARD,False,REVERSE,4296,29932,16467,18541,23727,90,5881,1354,4654,3386,1401,1000,1000,1000,1000,False,93,1000,1000,1000,1000,False,1000,1000,10,48473,40194
2026-05-19 06:39:49,4773,FORWARD,False,REVERSE,3302,30106,16467,18541,23847,85,5881,1341,4175,2522,1471,1000,1000,1000,1000,False,97,1000,1000,1000,1000,False,1000,1000,10,48647,40314
2026-05-19 09:00:51,2083,FORWARD,False,REVERSE,284,30248,16467,18541,23961,64,5884,1328,2434,1086,1799,1000,1000,1000,1000,False,19,1000,1000,1000,1000,False,1000,1000,10,48789,40428
2026-05-19 09:27:18,1661,FORWARD,False,FORWARD,166,30255,16467,18541,23963,57,5879,1330,2164,1306,1827,1000,1000,1000,1000,False,9,1000,1000,1000,1000,False,1000,1000,10,48796,40430
2026-05-19 10:03:17,363,FORWARD,False,FORWARD,2570,30263,16467,18545,23963,10,5879,1330,2561,2729,2933,1000,1000,1000,1000,False,70,1000,1000,1000,1000,False,1000,1000,10,48808,40430
2026-05-19 12:17:56,1260,REVERSE,False,FORWARD,3335,30271,16508,18593,23963,38,5879,1329,2433,3417,2075,1000,1000,1000,1000,False,73,1000,1000,1000,1000,False,1000,1000,10,48864,40471
2026-05-19 14:08:34,2160,FORWARD,False,REVERSE,2125,30278,16537,18633,23969,19,5879,1327,8382,2013,35,1000,1000,1000,1000,False,79,1000,1000,1000,1000,False,1000,1000,10,48911,40506
2026-05-19 15:48:56,3130,FORWARD,False,REVERSE,1471,30319,16565,18664,24004,61,5884,1325,3814,1994,1659,1000,1000,1000,1000,False,55,1000,1000,1000,1000,False,1000,1000,10,48983,40569
2026-05-19 17:02:39,1521,FORWARD,False,REVERSE,3067,30356,16565,18665,24033,16,5881,1325,6918,2485,-1546,1000,1000,1000,1000,False,93,1000,1000,1000,1000,False,1000,1000,10,49021,40598
2026-05-19 19:27:10,13033,FORWARD,False,REVERSE,11674,30553,16565,18665,24216,86,5887,1340,11263,9019,1359,1000,1000,1000,1000,False,96,1000,1000,1000,1000,False,1000,1000,10,49218,40781
2026-05-19 23:50:19,7219,FORWARD,False,REVERSE,5740,31004,16565,18665,24591,91,5879,1340,5900,4343,1479,1000,1000,1000,1000,False,98,1000,1000,1000,1000,False,1000,1000,10,49669,41156
2026-05-20 03:35:35,4232,FORWARD,False,REVERSE,3271,31196,16565,18665,24721,98,5879,1351,3178,2590,961,1000,1000,1000,1000,False,93,1000,1000,1000,1000,False,1000,1000,10,49861,41286
2026-05-20 06:10:37,3106,FORWARD,False,REVERSE,1405,31321,16565,18665,24809,81,5879,1352,2813,1724,1701,1000,1000,1000,1000,False,60,1000,1000,1000,1000,False,1000,1000,10,49986,41374
2026-05-20 10:00:31,7934,REVERSE,False,FORWARD,9745,31401,16633,18766,24856,87,5882,1343,6726,8698,1811,1000,1000,1000,1000,False,83,1000,1000,1000,1000,False,1000,1000,10,50167,41489
2026-05-20 12:28:08,5563,REVERSE,False,FORWARD,7152,31401,16742,18915,24856,85,5881,1335,4876,6685,1589,1000,1000,1000,1000,False,80,1000,1000,1000,1000,False,1000,1000,10,50316,41598
2026-05-20 14:38:23,2101,FORWARD,False,REVERSE,498,31411,16807,19007,24858,69,5881,1328,2285,1261,1603,1000,1000,1000,1000,False,29,1000,1000,1000,1000,False,1000,1000,10,50418,41665
2026-05-20 16:15:14,1607,FORWARD,False,REVERSE,98,31437,16818,19022,24863,62,5879,1334,1924,1362,1509,1000,1000,1000,1000,False,5,1000,1000,1000,1000,False,1000,1000,10,50459,41681
2026-05-20 17:42:12,2504,FORWARD,False,REVERSE,1090,31470,16818,19022,24876,78,5878,1338,2366,1307,1414,1000,1000,1000,1000,False,62,1000,1000,1000,1000,False,1000,1000,10,50492,41694
2026-05-20 21:45:42,4019,FORWARD,False,REVERSE,1892,31709,16818,19022,25068,79,5881,1355,3719,2145,2127,1000,1000,1000,1000,False,65,1000,1000,1000,1000,False,1000,1000,10,50731,41886
2026-05-21 01:54:38,2815,FORWARD,False,REVERSE,1402,31835,16818,19022,25140,85,5878,1358,2412,1817,1413,1000,1000,1000,1000,False,56,1000,1000,1000,1000,False,1000,1000,10,50857,41958
2026-05-21 05:26:48,4914,FORWARD,False,REVERSE,3538,31975,16818,19022,25227,93,5884,1357,3888,2751,1376,1000,1000,1000,1000,False,94,1000,1000,1000,1000,False,1000,1000,10,50997,42045
2026-05-21 08:25:39,2091,FORWARD,False,FORWARD,1170,32071,16818,19027,25285,53,5879,1345,2909,1989,3261,1000,1000,1000,1000,False,43,1000,1000,1000,1000,False,1000,1000,10,51098,42103
2026-05-21 11:19:48,9848,REVERSE,False,FORWARD,10337,32095,16911,19130,25287,84,5879,1342,8629,9292,489,1000,1000,1000,1000,False,82,1000,1000,1000,1000,False,1000,1000,10,51225,42198
2026-05-21 13:22:59,9606,REVERSE,False,FORWARD,10229,32095,17103,19338,25287,86,5887,1333,8338,9093,623,1000,1000,1000,1000,False,84,1000,1000,1000,1000,False,1000,1000,10,51433,42390
2026-05-21 15:16:33,4544,REVERSE,False,FORWARD,1929,32099,17188,19437,25287,66,5882,1327,5117,2327,-2615,1000,1000,1000,1000,False,62,1000,1000,1000,1000,False,1000,1000,10,51536,42475
2026-05-21 16:45:22,3457,REVERSE,False,FORWARD,1919,32099,17242,19487,25287,45,5881,1333,5641,2301,-1538,1000,1000,1000,1000,False,62,1000,1000,1000,1000,False,1000,1000,10,51586,42529
2026-05-21 18:02:55,2239,REVERSE,False,REVERSE,217,32099,17285,19517,25288,33,5884,1337,4984,1360,-2456,1000,1000,1000,1000,False,11,1000,1000,1000,1000,False,1000,1000,10,51616,42573
2026-05-21 22:39:00,3561,FORWARD,False,REVERSE,1737,32225,17287,19521,25347,78,5881,1350,3337,1932,1824,1000,1000,1000,1000,False,66,1000,1000,1000,1000,False,1000,1000,10,51746,42634
2026-05-22 02:02:30,2552,FORWARD,False,REVERSE,1423,32337,17287,19521,25398,95,5881,1356,1963,1850,1129,1000,1000,1000,1000,False,56,1000,1000,1000,1000,False,1000,1000,10,51858,42685
2026-05-22 05:20:57,3204,FORWARD,False,REVERSE,1414,32444,17287,19521,25445,81,5882,1361,2871,1841,1790,1000,1000,1000,1000,False,56,1000,1000,1000,1000,False,1000,1000,10,51965,42732
2026-05-22 07:59:00,357,REVERSE,False,FORWARD,2284,32508,17287,19528,25463,12,5879,1349,2091,2776,1927,1000,1000,1000,1000,False,60,1000,1000,1000,1000,False,1000,1000,10,52036,42750
2026-05-22 10:32:49,8501,REVERSE,False,FORWARD,10463,32508,17412,19702,25463,89,5881,1338,7120,9349,1962,1000,1000,1000,1000,False,83,1000,1000,1000,1000,False,1000,1000,10,52210,42875
2026-05-22 12:21:08,10745,REVERSE,False,FORWARD,12707,32508,17592,19915,25463,89,5885,1331,8985,11152,1962,1000,1000,1000,1000,False,85,1000,1000,1000,1000,False,1000,1000,10,52423,43055
2026-05-22 14:24:21,10461,REVERSE,False,FORWARD,12133,32508,17814,20173,25463,90,5885,1323,8676,10560,1672,1000,1000,1000,1000,False,86,1000,1000,1000,1000,False,1000,1000,10,52681,43277
2026-05-22 15:46:23,2276,FORWARD,False,FORWARD,585,32508,17911,20298,25463,49,5887,1317,3458,1551,2861,1000,1000,1000,1000,False,28,1000,1000,1000,1000,False,1000,1000,10,52806,43374
2026-05-22 16:59:53,4982,FORWARD,False,REVERSE,1945,32555,17912,20299,25472,63,5887,1315,5937,1903,3037,1000,1000,1000,1000,False,77,1000,1000,1000,1000,False,1000,1000,10,52854,43384
2026-05-22 18:14:32,8703,FORWARD,False,REVERSE,5600,32639,17912,20299,25522,76,5882,1315,8689,4588,3103,1000,1000,1000,1000,False,92,1000,1000,1000,1000,False,1000,1000,10,52938,43434
2026-05-22 22:11:52,2603,FORWARD,False,REVERSE,1461,32984,17912,20299,25786,77,5885,1335,2501,1696,1142,1000,1000,1000,1000,False,64,1000,1000,1000,1000,False,1000,1000,10,53283,43698
2026-05-23 01:09:58,3013,FORWARD,False,REVERSE,1729,33066,17912,20299,25828,82,5879,1347,2692,1919,1284,1000,1000,1000,1000,False,66,1000,1000,1000,1000,False,1000,1000,10,53365,43740
2026-05-23 03:15:35,2778,FORWARD,False,REVERSE,1733,33130,17912,20299,25865,85,5884,1351,2408,1929,1045,1000,1000,1000,1000,False,66,1000,1000,1000,1000,False,1000,1000,10,53429,43777
2026-05-23 04:46:18,4008,FORWARD,False,REVERSE,2162,33179,17912,20299,25893,83,5879,1349,3547,1829,1846,1000,1000,1000,1000,False,87,1000,1000,1000,1000,False,1000,1000,10,53478,43805
2026-05-23 06:00:35,7324,FORWARD,False,REVERSE,6298,33242,17912,20299,25936,92,5882,1348,5847,4713,1026,1000,1000,1000,1000,False,99,1000,1000,1000,1000,False,1000,1000,10,53541,43848
2026-05-23 08:05:50,3507,FORWARD,False,REVERSE,2419,33336,17912,20299,26009,79,5878,1344,3269,1921,1088,1000,1000,1000,1000,False,93,1000,1000,1000,1000,False,1000,1000,10,53635,43921
2026-05-23 09:34:39,1762,FORWARD,False,FORWARD,85,33374,17912,20300,26028,57,5879,1340,2297,1129,1847,1000,1000,1000,1000,False,5,1000,1000,1000,1000,False,1000,1000,10,53674,43940
2026-05-23 10:38:34,6011,REVERSE,False,FORWARD,8921,33391,17931,20333,26035,89,5879,1347,4975,7957,2910,1000,1000,1000,1000,False,83,1000,1000,1000,1000,False,1000,1000,10,53724,43966
2026-05-23 11:43:36,920,FORWARD,False,FORWARD,115,33401,17959,20375,26037,58,5884,1326,1186,1646,1035,1000,1000,1000,1000,False,5,1000,1000,1000,1000,False,1000,1000,10,53776,43996
2026-05-23 13:10:52,3210,REVERSE,False,FORWARD,4841,33409,18064,20501,26038,78,5882,1333,3057,4621,1631,1000,1000,1000,1000,False,78,1000,1000,1000,1000,False,1000,1000,10,53910,44102
2026-05-23 14:13:01,3492,REVERSE,False,FORWARD,1698,33416,18103,20554,26042,68,5882,1333,3836,1600,-1794,1000,1000,1000,1000,False,79,1000,1000,1000,1000,False,1000,1000,10,53970,44145
2026-05-23 15:10:30,7946,REVERSE,False,FORWARD,10575,33420,18168,20628,26047,91,5882,1341,6446,9458,2629,1000,1000,1000,1000,False,83,1000,1000,1000,1000,False,1000,1000,10,54048,44215
2026-05-23 16:10:43,284,FORWARD,False,FORWARD,3059,33420,18209,20697,26047,11,5888,1332,1849,3146,3343,1000,1000,1000,1000,False,72,1000,1000,1000,1000,False,1000,1000,10,54117,44256
2026-05-23 17:14:14,1211,FORWARD,False,FORWARD,736,33421,18244,20751,26047,42,5881,1329,2154,1457,1947,1000,1000,1000,1000,False,38,1000,1000,1000,1000,False,1000,1000,10,54172,44291
2026-05-23 18:15:02,8162,FORWARD,False,REVERSE,7150,33454,18247,20764,26072,87,5887,1324,7073,5546,1012,1000,1000,1000,1000,False,97,1000,1000,1000,1000,False,1000,1000,10,54218,44319
2026-05-23 22:42:36,5749,FORWARD,False,REVERSE,5389,33952,18247,20764,26517,94,5881,1346,4532,4114,360,1000,1000,1000,1000,False,97,1000,1000,1000,1000,False,1000,1000,10,54716,44764
2026-05-24 01:49:20,4600,FORWARD,False,REVERSE,3335,34110,18247,20764,26641,89,5881,1351,3797,2569,1265,1000,1000,1000,1000,False,96,1000,1000,1000,1000,False,1000,1000,10,54874,44888
2026-05-24 03:55:10,4238,FORWARD,False,REVERSE,3199,34200,18247,20764,26709,92,5879,1349,3397,2486,1039,1000,1000,1000,1000,False,95,1000,1000,1000,1000,False,1000,1000,10,54964,44956
2026-05-24 05:17:58,4539,FORWARD,False,REVERSE,3256,34262,18247,20764,26755,89,5879,1353,3745,2518,1283,1000,1000,1000,1000,False,95,1000,1000,1000,1000,False,1000,1000,10,55026,45002
2026-05-24 06:13:59,4293,FORWARD,False,REVERSE,2972,34304,18247,20764,26785,84,5882,1358,3731,2246,1321,1000,1000,1000,1000,False,97,1000,1000,1000,1000,False,1000,1000,10,55068,45032
2026-05-24 08:04:40,8289,FORWARD,False,REVERSE,6428,34352,18247,20765,26814,83,5887,1351,7293,5000,1861,1000,1000,1000,1000,False,95,1000,1000,1000,1000,False,1000,1000,10,55117,45061
2026-05-24 09:37:30,1277,FORWARD,False,FORWARD,292,34397,18257,20784,26842,36,5881,1348,2566,1451,1569,1000,1000,1000,1000,False,14,1000,1000,1000,1000,False,1000,1000,10,55181,45099
2026-05-24 10:41:49,2848,REVERSE,False,FORWARD,4436,34400,18286,20824,26844,72,5887,1347,2925,4246,1588,1000,1000,1000,1000,False,77,1000,1000,1000,1000,False,1000,1000,10,55224,45130
2026-05-24 11:58:35,7890,FORWARD,False,REVERSE,6285,34436,18336,20889,26873,84,5881,1335,6964,4918,1605,1000,1000,1000,1000,False,95,1000,1000,1000,1000,False,1000,1000,10,55325,45209
2026-05-24 13:27:06,275,REVERSE,False,FORWARD,1364,34455,18369,20934,26888,9,5884,1333,2109,2588,1089,1000,1000,1000,1000,False,39,1000,1000,1000,1000,False,1000,1000,10,55389,45257
2026-05-24 14:34:04,127,REVERSE,False,FORWARD,1490,34468,18391,20968,26897,3,5882,1328,2424,2088,1363,1000,1000,1000,1000,False,53,1000,1000,1000,1000,False,1000,1000,10,55436,45288
2026-05-24 15:36:40,7406,FORWARD,False,REVERSE,5791,34510,18399,20984,26927,82,5882,1320,6802,4625,1615,1000,1000,1000,1000,False,94,1000,1000,1000,1000,False,1000,1000,10,55494,45326
2026-05-24 16:39:00,5429,FORWARD,False,REVERSE,4533,34552,18402,20988,26961,80,5885,1332,5079,3666,896,1000,1000,1000,1000,False,92,1000,1000,1000,1000,False,1000,1000,10,55540,45363
2026-05-24 17:43:36,7873,FORWARD,False,REVERSE,5661,34635,18402,20988,27029,80,5879,1331,7347,4502,2212,1000,1000,1000,1000,False,94,1000,1000,1000,1000,False,1000,1000,10,55623,45431
2026-05-24 21:54:06,7549,FORWARD,False,REVERSE,5776,34893,18402,20988,27223,89,5882,1344,6265,4329,1773,1000,1000,1000,1000,False,99,1000,1000,1000,1000,False,1000,1000,10,55881,45625
2026-05-25 02:22:11,4480,FORWARD,False,REVERSE,3753,35116,18402,20988,27400,89,5885,1353,3675,3005,727,1000,1000,1000,1000,False,92,1000,1000,1000,1000,False,1000,1000,10,56104,45802
2026-05-25 06:06:20,5973,FORWARD,False,REVERSE,3731,35293,18402,20988,27539,79,5879,1357,5500,2919,2242,1000,1000,1000,1000,False,94,1000,1000,1000,1000,False,1000,1000,10,56281,45941
2026-05-25 09:31:05,7394,REVERSE,False,FORWARD,8256,35387,18457,21057,27594,84,5884,1337,6543,7492,862,1000,1000,1000,1000,False,82,1000,1000,1000,1000,False,1000,1000,10,56444,46051
2026-05-25 11:21:43,4615,REVERSE,False,FORWARD,4833,35387,18607,21224,27594,80,5879,1314,4329,4676,218,1000,1000,1000,1000,False,78,1000,1000,1000,1000,False,1000,1000,10,56611,46201
2026-05-25 13:06:48,5047,REVERSE,False,FORWARD,5718,35387,18730,21358,27594,82,5881,1323,4631,5390,671,1000,1000,1000,1000,False,80,1000,1000,1000,1000,False,1000,1000,10,56745,46324
2026-05-25 14:45:52,8227,REVERSE,False,FORWARD,9144,35387,18860,21503,27594,84,5879,1324,7299,8348,917,1000,1000,1000,1000,False,82,1000,1000,1000,1000,False,1000,1000,10,56890,46454
2026-05-25 16:09:14,6407,REVERSE,False,FORWARD,6620,35387,18961,21615,27594,84,5885,1322,5758,6099,213,1000,1000,1000,1000,False,82,1000,1000,1000,1000,False,1000,1000,10,57002,46555
2026-05-25 17:34:57,820,FORWARD,False,FORWARD,1172,35389,19000,21667,27594,33,5882,1324,1852,2034,1992,1000,1000,1000,1000,False,43,1000,1000,1000,1000,False,1000,1000,10,57056,46594
2026-05-25 19:28:55,1958,FORWARD,False,REVERSE,950,35410,19001,21672,27600,55,5884,1337,2635,1080,1008,1000,1000,1000,1000,False,65,1000,1000,1000,1000,False,1000,1000,10,57082,46601
2026-05-25 23:49:38,12858,FORWARD,False,REVERSE,11847,35879,19001,21672,28017,89,5879,1338,10771,9147,1011,1000,1000,1000,1000,False,96,1000,1000,1000,1000,False,1000,1000,10,57551,47018
2026-05-26 03:57:57,4083,FORWARD,False,REVERSE,3896,36177,19001,21672,28269,98,5882,1353,3073,3116,187,1000,1000,1000,1000,False,92,1000,1000,1000,1000,False,1000,1000,10,57849,47270
2026-05-26 10:43:48,2823,REVERSE,False,FORWARD,4690,36371,19011,21714,28390,71,5882,1331,2948,4648,1762,1000,1000,1000,1000,False,75,1000,1000,1000,1000,False,1000,1000,10,58085,47401
2026-05-26 13:21:45,4776,REVERSE,False,FORWARD,6252,36371,19124,21825,28390,82,5887,1331,4349,5924,1476,1000,1000,1000,1000,False,79,1000,1000,1000,1000,False,1000,1000,10,58196,47514
2026-05-26 15:18:00,4487,REVERSE,False,FORWARD,5360,36371,19262,21968,28390,88,5884,1320,3850,5393,873,1000,1000,1000,1000,False,75,1000,1000,1000,1000,False,1000,1000,10,58339,47652
2026-05-26 16:43:35,5102,FORWARD,False,REVERSE,5087,36382,19308,22012,28400,42,5885,1317,9194,3904,15,1000,1000,1000,1000,False,98,1000,1000,1000,1000,False,1000,1000,10,58394,47708
2026-05-26 18:05:23,5742,FORWARD,False,REVERSE,2192,36436,19308,22012,28445,61,5884,1334,6942,1803,3550,1000,1000,1000,1000,False,91,1000,1000,1000,1000,False,1000,1000,10,58448,47753
2026-05-26 22:52:20,5041,FORWARD,False,REVERSE,4505,36644,19308,22012,28633,89,5881,1342,4178,3457,536,1000,1000,1000,1000,False,97,1000,1000,1000,1000,False,1000,1000,10,58656,47941
2026-05-27 02:38:55,4313,FORWARD,False,REVERSE,3430,36825,19308,22012,28776,87,5882,1351,3646,2688,883,1000,1000,1000,1000,False,94,1000,1000,1000,1000,False,1000,1000,10,58837,48084
2026-05-27 10:05:26,8050,REVERSE,False,FORWARD,8917,37065,19363,22087,28964,88,5885,1343,6777,8103,867,1000,1000,1000,1000,False,81,1000,1000,1000,1000,False,1000,1000,10,59152,48327
2026-05-27 12:36:06,3003,REVERSE,False,FORWARD,3964,37065,19545,22290,28964,77,5884,1329,2913,4111,961,1000,1000,1000,1000,False,72,1000,1000,1000,1000,False,1000,1000,10,59355,48509
2026-05-27 14:53:26,10036,REVERSE,False,FORWARD,10758,37065,19771,22531,28964,88,5881,1328,8507,9741,722,1000,1000,1000,1000,False,83,1000,1000,1000,1000,False,1000,1000,10,59596,48735
2026-05-27 16:41:48,5363,REVERSE,False,FORWARD,5951,37065,19909,22683,28964,86,5882,1326,4694,5557,588,1000,1000,1000,1000,False,80,1000,1000,1000,1000,False,1000,1000,10,59748,48873
2026-05-27 18:00:38,767,REVERSE,False,FORWARD,1120,37065,19950,22731,28964,37,5882,1325,1528,1743,353,1000,1000,1000,1000,False,48,1000,1000,1000,1000,False,1000,1000,10,59796,48914
2026-05-27 22:44:47,10149,FORWARD,False,REVERSE,9382,37327,19952,22734,29124,82,5882,1336,9221,7101,767,1000,1000,1000,1000,False,98,1000,1000,1000,1000,False,1000,1000,10,60061,49076
2026-05-28 02:42:47,5149,FORWARD,False,REVERSE,4282,37619,19952,22734,29391,92,5881,1352,4127,3203,867,1000,1000,1000,1000,False,98,1000,1000,1000,1000,False,1000,1000,10,60353,49343
2026-05-28 06:27:34,3436,FORWARD,False,REVERSE,2639,37798,19952,22734,29533,86,5885,1352,2924,2057,797,1000,1000,1000,1000,False,94,1000,1000,1000,1000,False,1000,1000,10,60532,49485
2026-05-28 10:41:42,4647,REVERSE,False,FORWARD,6093,37958,19952,22735,29641,77,5884,1337,4494,6046,1446,1000,1000,1000,1000,False,75,1000,1000,1000,1000,False,1000,1000,10,60693,49593
2026-05-28 13:35:35,6698,REVERSE,False,FORWARD,7087,37959,20084,22896,29643,83,5887,1323,6019,6649,389,1000,1000,1000,1000,False,80,1000,1000,1000,1000,False,1000,1000,10,60855,49727
2026-05-28 15:34:05,5670,REVERSE,False,FORWARD,9611,37959,20242,23068,29643,51,5887,1331,8301,8695,3941,1000,1000,1000,1000,False,83,1000,1000,1000,1000,False,1000,1000,10,61027,49885
2026-05-28 17:00:34,1690,REVERSE,False,FORWARD,1063,37960,20315,23168,29643,21,5882,1316,6102,2188,-627,1000,1000,1000,1000,False,36,1000,1000,1000,1000,False,1000,1000,10,61128,49958
2026-05-28 19:29:11,538,REVERSE,False,REVERSE,1073,37967,20337,23193,29652,7,5884,1335,5331,1297,-1611,1000,1000,1000,1000,False,61,1000,1000,1000,1000,False,1000,1000,10,61160,49989
2026-05-28 23:56:23,4824,FORWARD,False,REVERSE,4158,38223,20337,23193,29862,85,5887,1342,4227,3273,666,1000,1000,1000,1000,False,94,1000,1000,1000,1000,False,1000,1000,10,61416,50199
2026-05-29 03:58:27,4596,FORWARD,False,REVERSE,3601,38414,20337,23193,30014,87,5882,1349,3905,2799,995,1000,1000,1000,1000,False,95,1000,1000,1000,1000,False,1000,1000,10,61607,50351
2026-05-29 06:51:00,5049,FORWARD,False,REVERSE,2563,38538,20337,23193,30109,76,5884,1349,4903,2028,2486,1000,1000,1000,1000,False,93,1000,1000,1000,1000,False,1000,1000,10,61731,50446
2026-05-29 10:42:22,3027,REVERSE,False,FORWARD,4345,38617,20360,23246,30147,68,5882,1324,3330,4285,1318,1000,1000,1000,1000,False,76,1000,1000,1000,1000,False,1000,1000,10,61863,50507
2026-05-29 13:32:03,10901,REVERSE,False,FORWARD,12549,38617,20579,23510,30147,89,5882,1322,9233,11145,1649,1000,1000,1000,1000,False,85,1000,1000,1000,1000,False,1000,1000,10,62127,50726
2026-05-29 15:24:58,385,REVERSE,False,FORWARD,1943,38618,20660,23618,30147,11,5888,1317,2446,2460,1558,1000,1000,1000,1000,False,59,1000,1000,1000,1000,False,1000,1000,10,62236,50807
2026-05-29 16:56:38,4924,FORWARD,False,REVERSE,3027,38649,20660,23627,30157,69,5888,1308,5401,2465,1897,1000,1000,1000,1000,False,93,1000,1000,1000,1000,False,1000,1000,10,62276,50817
2026-05-29 18:12:02,9937,FORWARD,False,REVERSE,7879,38676,20666,23647,30175,82,5884,1314,9131,6403,2058,1000,1000,1000,1000,False,93,1000,1000,1000,1000,False,1000,1000,10,62323,50841
2026-05-29 22:29:41,3988,FORWARD,False,REVERSE,1217,38818,20666,23647,30247,86,5881,1334,3453,1547,2771,1000,1000,1000,1000,False,58,1000,1000,1000,1000,False,1000,1000,10,62465,50913
2026-05-30 01:30:48,6020,FORWARD,False,REVERSE,4835,38970,20666,23647,30360,90,5884,1344,4921,3638,1185,1000,1000,1000,1000,False,98,1000,1000,1000,1000,False,1000,1000,10,62617,51026
2026-05-30 03:32:35,4976,FORWARD,False,REVERSE,3772,39084,20666,23647,30451,89,5885,1347,4139,2908,1204,1000,1000,1000,1000,False,96,1000,1000,1000,1000,False,1000,1000,10,62731,51117
2026-05-30 05:04:51,5058,FORWARD,False,REVERSE,3761,39162,20666,23647,30509,88,5884,1347,4236,2900,1297,1000,1000,1000,1000,False,96,1000,1000,1000,1000,False,1000,1000,10,62809,51175
2026-05-30 06:18:00,4427,FORWARD,False,REVERSE,3181,39221,20666,23647,30553,83,5884,1353,3891,2411,1246,1000,1000,1000,1000,False,97,1000,1000,1000,1000,False,1000,1000,10,62868,51219
2026-05-30 08:10:44,0,FORWARD,False,FORWARD,1127,39279,20666,23648,30592,100,5887,1341,0,2168,1127,1000,1000,1000,1000,False,38,1000,1000,1000,1000,False,1000,1000,10,62927,51258
2026-05-30 09:40:08,3755,REVERSE,False,FORWARD,5158,39281,20707,23706,30592,83,5887,1338,3353,5053,1403,1000,1000,1000,1000,False,76,1000,1000,1000,1000,False,1000,1000,10,62987,51299
2026-05-30 10:43:33,10101,REVERSE,False,FORWARD,12409,39281,20794,23807,30592,90,5882,1337,8343,10883,2308,1000,1000,1000,1000,False,85,1000,1000,1000,1000,False,1000,1000,10,63088,51386
2026-05-30 12:02:35,10673,REVERSE,False,FORWARD,13150,39281,20928,23972,30592,89,5885,1340,8847,11548,2477,1000,1000,1000,1000,False,84,1000,1000,1000,1000,False,1000,1000,10,63253,51520
2026-05-30 13:44:14,13231,REVERSE,False,FORWARD,14529,39281,21106,24178,30592,89,5887,1333,11059,12633,1298,1000,1000,1000,1000,False,86,1000,1000,1000,1000,False,1000,1000,10,63459,51698
2026-05-30 14:58:47,9461,REVERSE,False,FORWARD,10868,39281,21234,24322,30592,88,5882,1334,7989,9613,1407,1000,1000,1000,1000,False,84,1000,1000,1000,1000,False,1000,1000,10,63603,51826
2026-05-30 16:08:09,3577,REVERSE,False,FORWARD,5852,39281,21318,24425,30592,97,5885,1324,2775,5472,2275,1000,1000,1000,1000,False,80,1000,1000,1000,1000,False,1000,1000,10,63706,51910
2026-05-30 17:17:59,3174,REVERSE,False,FORWARD,4706,39281,21353,24475,30592,72,5888,1321,3303,4464,1532,1000,1000,1000,1000,False,79,1000,1000,1000,1000,False,1000,1000,10,63756,51945
2026-05-30 19:33:04,9686,FORWARD,False,REVERSE,9310,39331,21358,24494,30627,89,5887,1319,8152,7324,376,1000,1000,1000,1000,False,96,1000,1000,1000,1000,False,1000,1000,10,63825,51985
2026-05-31 00:01:45,6584,FORWARD,False,REVERSE,5199,39619,21358,24494,30881,87,5882,1334,5654,3919,1385,1000,1000,1000,1000,False,99,1000,1000,1000,1000,False,1000,1000,10,64113,52239
2026-05-31 03:26:11,4639,FORWARD,False,REVERSE,3744,39794,21358,24494,31021,87,5882,1345,3929,2897,895,1000,1000,1000,1000,False,96,1000,1000,1000,1000,False,1000,1000,10,64288,52379
2026-05-31 05:19:20,4804,FORWARD,False,REVERSE,3814,39884,21358,24494,31093,86,5882,1351,4082,2932,990,1000,1000,1000,1000,False,96,1000,1000,1000,1000,False,1000,1000,10,64378,52451
2026-05-31 06:52:47,2947,FORWARD,False,REVERSE,2615,39950,21358,24494,31143,91,5885,1352,2380,2066,298,1000,1000,1000,1000,False,94,1000,1000,1000,1000,False,1000,1000,10,64444,52501
2026-05-31 08:45:26,290,REVERSE,False,FORWARD,1533,39990,21358,24501,31159,11,5882,1349,1950,1994,1243,1000,1000,1000,1000,False,56,1000,1000,1000,1000,False,1000,1000,10,64491,52517
2026-05-31 10:09:22,11290,REVERSE,False,FORWARD,11713,39990,21399,24554,31159,88,5882,1359,9323,10437,423,1000,1000,1000,1000,False,82,1000,1000,1000,1000,False,1000,1000,10,64544,52558
2026-05-31 11:33:13,14121,REVERSE,False,FORWARD,14645,39990,21535,24701,31159,90,5885,1352,11537,12708,524,1000,1000,1000,1000,False,85,1000,1000,1000,1000,False,1000,1000,10,64691,52694
2026-05-31 12:49:04,6483,REVERSE,False,FORWARD,6778,39990,21648,24818,31159,90,5884,1332,5347,6222,295,1000,1000,1000,1000,False,81,1000,1000,1000,1000,False,1000,1000,10,64808,52807
2026-05-31 14:09:03,8092,REVERSE,False,FORWARD,8574,39990,21761,24941,31159,90,5887,1328,6697,7737,482,1000,1000,1000,1000,False,83,1000,1000,1000,1000,False,1000,1000,10,64931,52920
2026-05-31 15:17:30,9544,FORWARD,False,REVERSE,8232,40025,21813,24996,31187,75,5885,1327,9456,6729,1312,1000,1000,1000,1000,False,92,1000,1000,1000,1000,False,1000,1000,10,65021,53000
2026-05-31 16:29:51,10865,FORWARD,False,REVERSE,9778,40116,21813,24996,31281,79,5885,1314,10347,8116,1087,1000,1000,1000,1000,False,91,1000,1000,1000,1000,False,1000,1000,10,65112,53094
2026-05-31 17:42:11,4166,REVERSE,False,FORWARD,2068,40196,21819,25000,31366,58,5887,1321,5373,2383,-2098,1000,1000,1000,1000,False,65,1000,1000,1000,1000,False,1000,1000,10,65196,53185
2026-05-31 22:08:34,4552,FORWARD,False,REVERSE,7134,40291,21828,25009,31437,47,5882,1322,7245,5483,-2582,1000,1000,1000,1000,False,98,1000,1000,1000,1000,False,1000,1000,10,65300,53265
2026-06-01 03:37:53,7033,FORWARD,False,REVERSE,6340,40669,21828,25009,31779,91,5882,1346,5706,4760,693,1000,1000,1000,1000,False,98,1000,1000,1000,1000,False,1000,1000,10,65678,53607
2026-06-01 09:42:47,3754,REVERSE,False,FORWARD,4574,40973,21879,25082,32032,75,5882,1322,3742,4448,820,1000,1000,1000,1000,False,77,1000,1000,1000,1000,False,1000,1000,10,66055,53911
2026-06-01 14:17:41,3383,REVERSE,False,FORWARD,4177,40973,22167,25401,32032,74,5881,1302,3479,4123,794,1000,1000,1000,1000,False,77,1000,1000,1000,1000,False,1000,1000,10,66374,54199
2026-06-01 16:39:02,2488,REVERSE,False,FORWARD,3027,40973,22323,25573,32032,68,5885,1309,2763,3176,539,1000,1000,1000,1000,False,72,1000,1000,1000,1000,False,1000,1000,10,66546,54355
2026-06-01 17:58:00,15170,FORWARD,False,REVERSE,15487,41082,22351,25604,32144,88,5881,1304,13166,12749,-317,1000,1000,1000,1000,False,93,1000,1000,1000,1000,False,1000,1000,10,66686,54495
2026-06-01 22:49:25,7003,FORWARD,False,REVERSE,5980,41557,22351,25604,32596,88,5885,1338,5891,4540,1023,1000,1000,1000,1000,False,98,1000,1000,1000,1000,False,1000,1000,10,67161,54947
2026-06-02 03:07:15,6701,FORWARD,False,REVERSE,5547,41918,22351,25604,32927,83,5881,1343,5964,4169,1154,1000,1000,1000,1000,False,99,1000,1000,1000,1000,False,1000,1000,10,67522,55278
2026-06-02 06:53:13,1451,FORWARD,False,REVERSE,563,42082,22351,25604,33039,56,5882,1347,1897,1296,888,1000,1000,1000,1000,False,32,1000,1000,1000,1000,False,1000,1000,10,67686,55390
2026-06-02 11:24:16,1952,REVERSE,False,FORWARD,5792,42125,22400,25719,33061,50,5885,1322,2895,5489,3840,1000,1000,1000,1000,False,79,1000,1000,1000,1000,False,1000,1000,10,67844,55461
2026-06-02 14:29:12,5234,REVERSE,False,FORWARD,8548,42157,22541,25919,33082,83,5885,1305,4781,7829,3314,1000,1000,1000,1000,False,83,1000,1000,1000,1000,False,1000,1000,10,68076,55623
2026-06-02 16:38:23,222,REVERSE,False,FORWARD,3395,42157,22663,26103,33082,6,5887,1309,2782,3717,3173,1000,1000,1000,1000,False,69,1000,1000,1000,1000,False,1000,1000,10,68260,55745
2026-06-02 18:16:34,5048,FORWARD,False,REVERSE,569,42219,22663,26107,33092,66,5884,1323,5728,1002,4479,1000,1000,1000,1000,False,42,1000,1000,1000,1000,False,1000,1000,10,68326,55755
2026-06-02 23:21:04,3281,FORWARD,False,REVERSE,1532,42403,22663,26107,33167,77,5884,1344,3150,1876,1749,1000,1000,1000,1000,False,60,1000,1000,1000,1000,False,1000,1000,10,68510,55830
2026-06-03 04:24:53,5619,FORWARD,False,REVERSE,3768,42674,22663,26107,33343,87,5881,1353,4734,2894,1851,1000,1000,1000,1000,False,96,1000,1000,1000,1000,False,1000,1000,10,68781,56006
2026-06-03 09:20:44,2647,REVERSE,False,FORWARD,4101,42829,22701,26168,33446,68,5884,1329,2918,4102,1454,1000,1000,1000,1000,False,75,1000,1000,1000,1000,False,1000,1000,10,68997,56147
2026-06-03 13:35:55,596,REVERSE,False,FORWARD,1659,42830,22915,26450,33446,30,5882,1308,1497,2284,1063,1000,1000,1000,1000,False,55,1000,1000,1000,1000,False,1000,1000,10,69280,56361
2026-06-03 16:15:26,2937,REVERSE,False,FORWARD,3784,42830,23049,26603,33446,68,5885,1311,3245,3975,847,1000,1000,1000,1000,False,72,1000,1000,1000,1000,False,1000,1000,10,69433,56495
2026-06-03 18:07:08,623,FORWARD,False,FORWARD,284,42834,23076,26641,33446,26,5884,1326,1803,2117,907,1000,1000,1000,1000,False,10,1000,1000,1000,1000,False,1000,1000,10,69475,56522
2026-06-03 23:13:02,2866,FORWARD,False,REVERSE,2201,43081,23076,26642,33642,72,5879,1345,2948,2284,665,1000,1000,1000,1000,False,71,1000,1000,1000,1000,False,1000,1000,10,69723,56718
2026-06-04 03:05:05,2310,FORWARD,False,REVERSE,1423,43177,23076,26642,33710,80,5881,1357,2102,1777,887,1000,1000,1000,1000,False,59,1000,1000,1000,1000,False,1000,1000,10,69819,56786
2026-06-04 06:23:08,2068,FORWARD,False,REVERSE,928,43257,23076,26642,33756,65,5878,1356,2324,1237,1140,1000,1000,1000,1000,False,55,1000,1000,1000,1000,False,1000,1000,10,69899,56832
2026-06-04 10:04:15,10136,REVERSE,False,FORWARD,11315,43278,23192,26787,33762,87,5882,1346,8558,9869,1179,1000,1000,1000,1000,False,85,1000,1000,1000,1000,False,1000,1000,10,70065,56954
2026-06-04 12:32:09,4586,REVERSE,False,FORWARD,5584,43278,23349,26971,33762,82,5884,1324,4197,5287,998,1000,1000,1000,1000,False,79,1000,1000,1000,1000,False,1000,1000,10,70249,57111
2026-06-04 14:37:53,1245,FORWARD,False,FORWARD,46,43283,23377,27018,33762,48,5884,1319,1941,1101,1291,1000,1000,1000,1000,False,3,1000,1000,1000,1000,False,1000,1000,10,70301,57139
2026-06-04 16:11:05,1159,REVERSE,False,FORWARD,834,43306,23378,27018,33762,13,5881,1329,6415,1484,-325,1000,1000,1000,1000,False,42,1000,1000,1000,1000,False,1000,1000,10,70324,57140
2026-06-04 17:40:31,2574,REVERSE,False,FORWARD,3280,43335,23385,27024,33803,72,5885,1342,2624,3545,706,1000,1000,1000,1000,False,68,1000,1000,1000,1000,False,1000,1000,10,70359,57188
2026-06-04 21:50:44,6319,FORWARD,False,REVERSE,6012,43515,23402,27031,33964,83,5884,1355,5595,4497,307,1000,1000,1000,1000,False,98,1000,1000,1000,1000,False,1000,1000,10,70546,57366
2026-06-05 02:08:00,4127,FORWARD,False,REVERSE,4185,43736,23402,27031,34175,92,5878,1359,3274,3130,-58,1000,1000,1000,1000,False,98,1000,1000,1000,1000,False,1000,1000,10,70767,57577
2026-06-05 05:38:13,4342,FORWARD,False,REVERSE,3899,43887,23402,27031,34321,86,5879,1358,3695,2937,443,1000,1000,1000,1000,False,97,1000,1000,1000,1000,False,1000,1000,10,70918,57723
