latitud,longitud,timestamp,day,month,year,hour,minute,voltage_V_A,current_A_A,power_W_A,pf_A,freq_Hz_A,energy_Wh_A,energy_reverse_Wh_A,direction_A,voltage_V_B,current_A_B,power_W_B,pf_B,freq_Hz_B,energy_Wh_B,energy_reverse_Wh_B,direction_B,id_punto
25.618982,-100.29505,2026-04-24 16:14:00,24,4,2026,16,14,131.5,5.004,568.6,0.86,58.87,5873,5750,REVERSE,131.5,6.257,606.9,0.73,58.87,6113,3860,FORWARD,25.618982_-100.29505
25.618982,-100.29505,2026-04-24 16:37:00,24,4,2026,16,37,131.4,3.892,404.6,0.78,58.84,5873,5767,REVERSE,131.4,5.401,517.4,0.72,58.84,6132,3860,FORWARD,25.618982_-100.29505
25.618982,-100.29505,2026-04-24 16:38:00,24,4,2026,16,38,131.7,3.787,389.6,0.77,58.88,5873,5769,REVERSE,131.7,5.3,508.8,0.72,58.88,6135,3860,FORWARD,25.618982_-100.29505
25.618982,-100.29505,2026-04-24 17:23:00,24,4,2026,17,23,131.6,2.442,96.7,0.3,58.82,5873,5787,REVERSE,131.6,3.105,223.4,0.54,58.82,6158,3865,FORWARD,25.618982_-100.29505
25.618982,-100.29505,2026-04-24 17:24:00,24,4,2026,17,24,131.4,2.448,94.9,0.29,58.82,5873,5787,REVERSE,131.4,3.099,222.1,0.54,58.82,6158,3865,FORWARD,25.618982_-100.29505
25.618982,-100.29505,2026-04-24 18:02:00,24,4,2026,18,2,132.1,2.235,49.9,0.16,58.82,5874,5790,FORWARD,132.1,1.84,3.6,0.01,58.82,6165,3868,FORWARD,25.618982_-100.29505
25.618982,-100.29505,2026-04-24 21:27:00,24,4,2026,21,27,133.9,4.543,455.3,0.74,58.85,5982,5790,FORWARD,133.9,2.671,252.5,0.7,58.85,6165,3944,REVERSE,25.618982_-100.29505
25.618982,-100.29505,2026-04-24 23:27:00,24,4,2026,23,27,134.3,2.538,244.6,0.71,58.81,6050,5790,FORWARD,134.3,2.131,186.0,0.64,58.81,6165,3988,REVERSE,25.618982_-100.29505
25.618982,-100.29505,2026-04-25 00:51:00,25,4,2026,0,51,134.6,2.336,230.1,0.73,58.81,6091,5790,FORWARD,134.6,1.802,138.7,0.57,58.81,6165,4011,REVERSE,25.618982_-100.29505
25.618982,-100.29505,2026-04-25 01:57:00,25,4,2026,1,57,134.9,2.382,236.8,0.73,58.87,6115,5790,FORWARD,134.9,1.804,138.8,0.57,58.87,6165,4026,REVERSE,25.618982_-100.29505
25.618982,-100.29505,2026-04-25 02:56:00,25,4,2026,2,56,134.8,2.313,231.6,0.74,58.82,6139,5790,FORWARD,134.8,1.802,138.4,0.56,58.82,6165,4040,REVERSE,25.618982_-100.29505
25.618982,-100.29505,2026-04-25 03:54:00,25,4,2026,3,54,134.9,2.289,229.4,0.74,58.82,6160,5790,FORWARD,134.9,1.806,138.4,0.56,58.82,6165,4052,REVERSE,25.618982_-100.29505
25.618982,-100.29505,2026-04-25 04:38:00,25,4,2026,4,38,135.1,2.753,265.1,0.71,58.84,6178,5790,FORWARD,135.1,1.808,139.7,0.57,58.84,6165,4063,REVERSE,25.618982_-100.29505
25.618982,-100.29505,2026-04-25 05:25:00,25,4,2026,5,25,135.3,2.524,249.3,0.72,58.84,6197,5790,FORWARD,135.3,1.808,139.5,0.57,58.84,6165,4074,REVERSE,25.618982_-100.29505
25.618982,-100.29505,2026-04-25 06:00:00,25,4,2026,6,0,135.7,1.904,210.0,0.81,58.82,6209,5790,FORWARD,135.7,1.815,141.3,0.57,58.82,6165,4082,REVERSE,25.618982_-100.29505
25.618982,-100.29505,2026-04-25 07:24:00,25,4,2026,7,24,135.0,1.337,22.4,0.12,58.87,6228,5790,FORWARD,135.0,1.611,54.4,0.24,58.87,6166,4093,FORWARD,25.618982_-100.29505
25.618982,-100.29505,2026-04-25 08:12:00,25,4,2026,8,12,134.1,2.346,208.4,0.66,58.81,6229,5794,REVERSE,134.1,3.186,259.8,0.6,58.81,6177,4093,FORWARD,25.618982_-100.29505
25.618982,-100.29505,2026-04-25 09:02:00,25,4,2026,9,2,134.2,3.833,439.8,0.85,58.81,6229,5821,REVERSE,134.2,5.662,576.4,0.75,58.81,6212,4093,FORWARD,25.618982_-100.29505
25.618982,-100.29505,2026-04-25 09:51:00,25,4,2026,9,51,133.3,2.268,15.1,0.05,58.82,6229,5864,REVERSE,133.3,2.772,151.6,0.41,58.82,6267,4093,FORWARD,25.618982_-100.29505
25.618982,-100.29505,2026-04-25 10:28:00,25,4,2026,10,28,132.9,2.2,96.3,0.32,58.85,6233,5866,REVERSE,132.9,3.193,232.8,0.54,58.85,6273,4093,FORWARD,25.618982_-100.29505
25.618982,-100.29505,2026-04-25 11:10:00,25,4,2026,11,10,133.3,7.442,894.1,0.89,58.88,6233,5885,REVERSE,133.3,9.696,1043.5,0.8,58.88,6304,4093,FORWARD,25.618982_-100.29505
25.618982,-100.29505,2026-04-25 11:57:00,25,4,2026,11,57,133.2,8.5,1028.2,0.9,58.84,6233,5956,REVERSE,133.2,10.66,1155.1,0.81,58.84,6386,4093,FORWARD,25.618982_-100.29505
25.618982,-100.29505,2026-04-25 12:56:00,25,4,2026,12,56,133.3,9.943,1194.5,0.89,58.87,6233,6062,REVERSE,133.3,11.002,1232.7,0.84,58.87,6500,4093,FORWARD,25.618982_-100.29505
25.618982,-100.29505,2026-04-25 13:43:00,25,4,2026,13,43,133.0,10.373,1230.5,0.89,58.84,6233,6137,REVERSE,133.0,11.017,1212.8,0.82,58.84,6574,4093,FORWARD,25.618982_-100.29505
25.618982,-100.29505,2026-04-25 14:22:00,25,4,2026,14,22,132.0,2.484,153.7,0.46,58.85,6233,6193,FORWARD,132.0,1.551,60.2,0.29,58.85,6631,4093,REVERSE,25.618982_-100.29505
25.618982,-100.29505,2026-04-25 15:01:00,25,4,2026,15,1,132.5,2.383,184.0,0.58,58.81,6234,6205,REVERSE,132.5,3.32,278.0,0.63,58.81,6649,4093,FORWARD,25.618982_-100.29505
25.618982,-100.29505,2026-04-25 15:49:00,25,4,2026,15,49,132.4,6.554,766.8,0.88,58.92,6236,6241,REVERSE,132.4,7.438,816.4,0.82,58.92,6691,4094,FORWARD,25.618982_-100.29505
25.618982,-100.29505,2026-04-25 16:21:00,25,4,2026,16,21,132.2,5.168,597.1,0.87,58.87,6236,6278,REVERSE,132.2,6.031,645.3,0.8,58.87,6729,4094,FORWARD,25.618982_-100.29505
25.618982,-100.29505,2026-04-25 17:01:00,25,4,2026,17,1,131.9,2.932,301.1,0.77,58.84,6236,6307,REVERSE,131.9,4.086,409.4,0.75,58.84,6763,4094,FORWARD,25.618982_-100.29505
25.618982,-100.29505,2026-04-25 17:50:00,25,4,2026,17,50,131.7,1.931,99.0,0.38,58.87,6238,6319,FORWARD,131.7,2.042,153.9,0.57,58.87,6784,4094,FORWARD,25.618982_-100.29505
25.618982,-100.29505,2026-04-25 19:16:00,25,4,2026,19,16,131.7,8.219,910.9,0.84,58.85,6334,6319,FORWARD,131.7,6.306,791.6,0.95,58.85,6788,4156,REVERSE,25.618982_-100.29505
25.618982,-100.29505,2026-04-25 22:33:00,25,4,2026,22,33,133.3,9.471,1096.4,0.86,58.85,6610,6319,FORWARD,133.3,7.199,933.8,0.97,58.85,6788,4382,REVERSE,25.618982_-100.29505
25.618982,-100.29505,2026-04-26 00:27:00,26,4,2026,0,27,134.6,4.418,512.7,0.86,58.79,6771,6319,FORWARD,134.6,3.197,419.7,0.97,58.79,6788,4512,REVERSE,25.618982_-100.29505
25.618982,-100.29505,2026-04-26 02:02:00,26,4,2026,2,2,134.6,6.217,754.0,0.89,58.85,6891,6319,FORWARD,134.6,5.094,678.2,0.98,58.85,6788,4622,REVERSE,25.618982_-100.29505
25.618982,-100.29505,2026-04-26 03:11:00,26,4,2026,3,11,135.1,5.426,677.4,0.92,58.82,6972,6319,FORWARD,135.1,4.841,646.3,0.98,58.82,6788,4697,REVERSE,25.618982_-100.29505
25.618982,-100.29505,2026-04-26 04:07:00,26,4,2026,4,7,134.6,5.332,663.2,0.92,58.82,7034,6319,FORWARD,134.6,4.748,631.6,0.98,58.82,6788,4757,REVERSE,25.618982_-100.29505
25.618982,-100.29505,2026-04-26 05:01:00,26,4,2026,5,1,135.2,5.357,667.0,0.91,58.84,7095,6319,FORWARD,135.2,4.68,625.1,0.98,58.84,6788,4814,REVERSE,25.618982_-100.29505
25.618982,-100.29505,2026-04-26 05:49:00,26,4,2026,5,49,134.9,4.781,593.8,0.91,58.84,7144,6319,FORWARD,134.9,4.211,561.0,0.98,58.84,6788,4860,REVERSE,25.618982_-100.29505
25.618982,-100.29505,2026-04-26 06:33:00,26,4,2026,6,33,135.1,4.66,549.8,0.87,58.87,7188,6319,FORWARD,135.1,3.889,514.5,0.97,58.87,6788,4902,REVERSE,25.618982_-100.29505
25.618982,-100.29505,2026-04-26 07:50:00,26,4,2026,7,50,134.0,3.379,342.1,0.75,58.85,7246,6319,FORWARD,134.0,1.894,225.3,0.88,58.85,6788,4953,REVERSE,25.618982_-100.29505
25.618982,-100.29505,2026-04-26 08:34:00,26,4,2026,8,34,133.8,3.337,312.7,0.69,58.85,7266,6319,FORWARD,133.8,1.76,188.0,0.79,58.85,6788,4964,REVERSE,25.618982_-100.29505
25.618982,-100.29505,2026-04-26 09:25:00,26,4,2026,9,25,134.5,3.22,374.4,0.86,58.85,7270,6323,REVERSE,134.5,4.951,501.7,0.75,58.85,6800,4966,FORWARD,25.618982_-100.29505
25.618982,-100.29505,2026-04-26 10:05:00,26,4,2026,10,5,134.4,4.893,594.3,0.9,58.85,7270,6356,REVERSE,134.4,6.654,707.1,0.79,58.85,6842,4966,FORWARD,25.618982_-100.29505
25.618982,-100.29505,2026-04-26 10:59:00,26,4,2026,10,59,134.0,5.179,621.4,0.89,58.87,7270,6406,REVERSE,134.0,7.71,776.4,0.75,58.87,6896,4967,FORWARD,25.618982_-100.29505
25.618982,-100.29505,2026-04-26 11:50:00,26,4,2026,11,50,133.5,5.758,639.8,0.83,58.85,7270,6461,REVERSE,133.5,8.447,864.1,0.76,58.85,6962,4967,FORWARD,25.618982_-100.29505
25.618982,-100.29505,2026-04-26 12:31:00,26,4,2026,12,31,133.1,3.649,402.1,0.82,58.82,7270,6502,REVERSE,133.1,5.982,528.6,0.66,58.82,7022,4967,FORWARD,25.618982_-100.29505
25.618982,-100.29505,2026-04-26 13:31:00,26,4,2026,13,31,132.5,9.026,1098.4,0.91,58.84,7282,6531,REVERSE,132.5,11.833,1295.3,0.82,58.84,7062,4975,FORWARD,25.618982_-100.29505
25.618982,-100.29505,2026-04-26 14:05:00,26,4,2026,14,5,132.8,9.443,1118.9,0.89,58.9,7282,6594,REVERSE,132.8,10.437,1133.9,0.81,58.9,7130,4975,FORWARD,25.618982_-100.29505
25.618982,-100.29505,2026-04-26 14:55:00,26,4,2026,14,55,132.0,8.05,940.3,0.88,58.88,7282,6678,REVERSE,132.0,9.141,975.2,0.8,58.88,7217,4975,FORWARD,25.618982_-100.29505
25.618982,-100.29505,2026-04-26 15:36:00,26,4,2026,15,36,132.2,6.433,740.5,0.86,58.85,7282,6738,REVERSE,132.2,7.465,768.3,0.77,58.85,7278,4975,FORWARD,25.618982_-100.29505
25.618982,-100.29505,2026-04-26 16:07:00,26,4,2026,16,7,132.0,7.401,854.2,0.87,58.88,7282,6762,REVERSE,132.0,8.482,888.8,0.79,58.88,7304,4975,FORWARD,25.618982_-100.29505
25.618982,-100.29505,2026-04-26 16:57:00,26,4,2026,16,57,131.7,3.815,399.2,0.79,58.87,7282,6812,REVERSE,131.7,4.538,384.0,0.64,58.87,7353,4975,FORWARD,25.618982_-100.29505
25.618982,-100.29505,2026-04-26 17:41:00,26,4,2026,17,41,131.2,2.282,100.8,0.33,58.9,7282,6829,REVERSE,131.2,2.433,96.6,0.3,58.9,7370,4975,FORWARD,25.618982_-100.29505
25.618982,-100.29505,2026-04-26 19:15:00,26,4,2026,19,15,131.6,9.328,999.3,0.81,58.82,7386,6832,FORWARD,131.6,6.973,872.4,0.95,58.82,7372,5070,REVERSE,25.618982_-100.29505
25.618982,-100.29505,2026-04-26 22:42:00,26,4,2026,22,42,131.5,13.215,1491.5,0.85,58.81,7723,6832,FORWARD,131.5,10.615,1357.8,0.97,58.81,7372,5401,REVERSE,25.618982_-100.29505
25.618982,-100.29505,2026-04-27 01:25:00,27,4,2026,1,25,133.1,7.73,918.6,0.89,58.82,8036,6832,FORWARD,133.1,6.058,791.6,0.98,58.82,7372,5679,REVERSE,25.618982_-100.29505
25.618982,-100.29505,2026-04-27 03:37:00,27,4,2026,3,37,134.4,7.093,846.6,0.88,58.81,8222,6832,FORWARD,134.4,5.374,711.1,0.98,58.81,7372,5838,REVERSE,25.618982_-100.29505
25.618982,-100.29505,2026-04-27 05:25:00,27,4,2026,5,25,134.6,6.838,819.8,0.89,58.87,8372,6832,FORWARD,134.6,5.217,690.1,0.98,58.87,7372,5965,REVERSE,25.618982_-100.29505
25.618982,-100.29505,2026-04-27 07:02:00,27,4,2026,7,2,133.5,4.342,523.3,0.9,58.87,8505,6832,FORWARD,133.5,3.386,443.0,0.97,58.87,7372,6066,REVERSE,25.618982_-100.29505
25.618982,-100.29505,2026-04-27 09:14:00,27,4,2026,9,14,132.5,5.189,558.0,0.81,58.85,8535,6859,REVERSE,132.5,6.147,652.3,0.8,58.85,7422,6099,FORWARD,25.618982_-100.29505
25.618982,-100.29505,2026-04-27 10:57:00,27,4,2026,10,57,132.8,8.97,1037.2,0.86,58.85,8535,6963,REVERSE,132.8,10.004,1128.8,0.84,58.85,7540,6099,FORWARD,25.618982_-100.29505
25.618982,-100.29505,2026-04-27 12:09:00,27,4,2026,12,9,132.2,10.853,1259.1,0.87,58.84,8535,7095,REVERSE,132.2,11.934,1351.4,0.85,58.84,7683,6099,FORWARD,25.618982_-100.29505
25.618982,-100.29505,2026-04-27 13:48:00,27,4,2026,13,48,132.1,10.266,1189.7,0.87,58.88,8535,7271,REVERSE,132.1,11.335,1282.3,0.85,58.88,7871,6099,FORWARD,25.618982_-100.29505
25.618982,-100.29505,2026-04-27 14:45:00,27,4,2026,14,45,130.6,2.367,77.6,0.25,58.84,8535,7321,REVERSE,130.6,2.293,187.5,0.62,58.84,7933,6099,FORWARD,25.618982_-100.29505
25.618982,-100.29505,2026-04-27 15:41:00,27,4,2026,15,41,130.9,3.744,368.2,0.75,58.84,8535,7365,REVERSE,130.9,4.449,452.9,0.77,58.84,7986,6099,FORWARD,25.618982_-100.29505
25.618982,-100.29505,2026-04-27 16:33:00,27,4,2026,16,33,131.6,4.463,475.5,0.8,58.88,8535,7410,REVERSE,131.6,5.237,527.3,0.76,58.88,8037,6099,FORWARD,25.618982_-100.29505
25.618982,-100.29505,2026-04-27 17:32:00,27,4,2026,17,32,130.3,4.334,431.6,0.76,58.88,8536,7429,FORWARD,130.3,8.958,1160.1,0.99,58.88,8063,6099,REVERSE,25.618982_-100.29505
25.618982,-100.29505,2026-04-27 19:17:00,27,4,2026,19,17,131.9,12.352,1408.5,0.86,58.88,8617,7429,FORWARD,131.9,10.859,1365.7,0.95,58.88,8063,6196,REVERSE,25.618982_-100.29505
25.618982,-100.29505,2026-04-27 22:46:00,27,4,2026,22,46,132.8,6.703,776.4,0.87,58.81,9120,7429,FORWARD,132.8,6.663,851.0,0.96,58.81,8063,6717,REVERSE,25.618982_-100.29505
25.618982,-100.29505,2026-04-28 01:19:00,28,4,2026,1,19,134.0,7.226,830.0,0.85,58.85,9337,7429,FORWARD,134.0,4.983,633.2,0.94,58.85,8063,6898,REVERSE,25.618982_-100.29505
25.618982,-100.29505,2026-04-28 03:37:00,28,4,2026,3,37,134.8,6.02,719.4,0.88,58.85,9512,7429,FORWARD,134.8,4.593,585.4,0.94,58.85,8063,7035,REVERSE,25.618982_-100.29505
25.618982,-100.29505,2026-04-28 05:25:00,28,4,2026,5,25,134.7,5.589,677.4,0.9,58.85,9637,7429,FORWARD,134.7,4.23,546.8,0.95,58.85,8063,7136,REVERSE,25.618982_-100.29505
25.618982,-100.29505,2026-04-28 07:11:00,28,4,2026,7,11,134.2,6.549,750.3,0.85,58.82,9757,7429,FORWARD,134.2,4.305,543.0,0.93,58.82,8063,7233,REVERSE,25.618982_-100.29505
25.618982,-100.29505,2026-04-28 09:45:00,28,4,2026,9,45,132.6,1.968,36.6,0.14,58.85,9791,7442,REVERSE,132.6,2.045,137.4,0.5,58.85,8086,7271,FORWARD,25.618982_-100.29505
25.618982,-100.29505,2026-04-28 11:19:00,28,4,2026,11,19,132.2,3.343,311.3,0.7,58.84,9791,7502,REVERSE,132.2,4.442,440.5,0.74,58.84,8165,7271,FORWARD,25.618982_-100.29505
25.618982,-100.29505,2026-04-28 12:56:00,28,4,2026,12,56,132.4,7.441,872.8,0.88,58.87,9791,7626,REVERSE,132.4,10.14,1137.8,0.84,58.87,8295,7271,FORWARD,25.618982_-100.29505
25.618982,-100.29505,2026-04-28 14:17:00,28,4,2026,14,17,131.5,6.732,792.3,0.89,58.84,9791,7728,REVERSE,131.5,9.142,993.2,0.82,58.84,8398,7271,FORWARD,25.618982_-100.29505
25.618982,-100.29505,2026-04-28 15:33:00,28,4,2026,15,33,130.5,6.947,808.0,0.88,58.85,9791,7834,REVERSE,130.5,7.295,774.5,0.81,58.85,8512,7271,FORWARD,25.618982_-100.29505
25.618982,-100.29505,2026-04-28 16:34:00,28,4,2026,16,34,129.9,7.293,520.3,0.54,58.85,9791,7890,REVERSE,129.9,5.374,539.1,0.77,58.85,8558,7271,FORWARD,25.618982_-100.29505
25.618982,-100.29505,2026-04-28 17:32:00,28,4,2026,17,32,130.4,6.255,138.5,0.16,58.82,9791,7923,REVERSE,130.4,1.973,59.8,0.23,58.82,8585,7272,FORWARD,25.618982_-100.29505
25.618982,-100.29505,2026-04-28 19:19:00,28,4,2026,19,19,131.4,5.274,29.2,0.04,58.9,9808,7928,REVERSE,131.4,1.724,175.0,0.77,58.9,8586,7288,REVERSE,25.618982_-100.29505
25.618982,-100.29505,2026-04-28 22:42:00,28,4,2026,22,42,132.4,6.781,783.8,0.87,58.84,10172,7928,FORWARD,132.4,5.45,701.2,0.97,58.84,8586,7650,REVERSE,25.618982_-100.29505
25.618982,-100.29505,2026-04-29 01:11:00,29,4,2026,1,11,133.9,7.732,927.3,0.89,58.84,10396,7928,FORWARD,133.9,6.21,815.7,0.98,58.84,8586,7853,REVERSE,25.618982_-100.29505
25.618982,-100.29505,2026-04-29 03:24:00,29,4,2026,3,24,134.5,7.136,861.0,0.89,58.85,10582,7928,FORWARD,134.5,5.568,737.8,0.98,58.85,8586,8014,REVERSE,25.618982_-100.29505
25.618982,-100.29505,2026-04-29 05:13:00,29,4,2026,5,13,135.0,6.098,732.9,0.88,58.85,10731,7928,FORWARD,135.0,4.574,609.5,0.98,58.85,8586,8136,REVERSE,25.618982_-100.29505
25.618982,-100.29505,2026-04-29 06:55:00,29,4,2026,6,55,134.6,3.661,381.9,0.77,58.85,10842,7928,FORWARD,134.6,1.983,254.9,0.95,58.85,8586,8228,REVERSE,25.618982_-100.29505
25.618982,-100.29505,2026-04-29 09:11:00,29,4,2026,9,11,131.9,10.812,1102.9,0.77,58.87,10879,7955,FORWARD,131.9,7.093,858.4,0.91,58.87,8633,8239,REVERSE,25.618982_-100.29505
25.618982,-100.29505,2026-04-29 10:54:00,29,4,2026,10,54,131.2,6.232,565.2,0.69,58.82,11014,7955,FORWARD,131.2,3.154,360.0,0.86,58.82,8633,8315,REVERSE,25.618982_-100.29505
25.618982,-100.29505,2026-04-29 12:08:00,29,4,2026,12,8,131.6,9.497,1143.0,0.91,58.88,11047,7965,REVERSE,131.6,11.635,1309.0,0.85,58.88,8651,8332,FORWARD,25.618982_-100.29505
25.618982,-100.29505,2026-04-29 13:52:00,29,4,2026,13,52,129.8,5.101,420.9,0.63,58.87,11076,8053,FORWARD,129.8,2.452,255.0,0.8,58.87,8754,8345,REVERSE,25.618982_-100.29505
25.618982,-100.29505,2026-04-29 14:51:00,29,4,2026,14,51,128.9,2.278,180.5,0.61,58.85,11115,8071,REVERSE,128.9,3.447,327.3,0.73,58.85,8780,8375,FORWARD,25.618982_-100.29505
25.618982,-100.29505,2026-04-29 15:47:00,29,4,2026,15,47,128.9,2.306,80.2,0.26,58.84,11118,8089,FORWARD,128.9,1.483,76.0,0.39,58.84,8808,8375,FORWARD,25.618982_-100.29505
25.618982,-100.29505,2026-04-29 16:41:00,29,4,2026,16,41,129.4,2.791,189.4,0.52,58.82,11125,8089,FORWARD,129.4,1.04,37.1,0.27,58.82,8815,8375,REVERSE,25.618982_-100.29505
25.618982,-100.29505,2026-04-29 17:37:00,29,4,2026,17,37,130.8,2.229,103.3,0.35,58.82,11139,8089,FORWARD,130.8,1.323,43.6,0.25,58.82,8817,8377,FORWARD,25.618982_-100.29505
25.618982,-100.29505,2026-04-29 19:21:00,29,4,2026,19,21,131.7,5.541,574.1,0.78,58.88,11231,8089,FORWARD,131.7,4.059,506.5,0.94,58.88,8818,8450,REVERSE,25.618982_-100.29505
25.618982,-100.29505,2026-04-29 22:47:00,29,4,2026,22,47,131.6,12.792,1441.7,0.85,58.85,11696,8089,FORWARD,131.6,10.486,1333.2,0.96,58.85,8818,8858,REVERSE,25.618982_-100.29505
25.618982,-100.29505,2026-04-30 01:17:00,30,4,2026,1,17,133.1,9.615,1144.6,0.89,58.88,12034,8089,FORWARD,133.1,8.192,1044.1,0.95,58.88,8818,9181,REVERSE,25.618982_-100.29505
25.618982,-100.29505,2026-04-30 03:31:00,30,4,2026,3,31,134.4,8.444,1024.1,0.9,58.85,12275,8089,FORWARD,134.4,6.978,902.7,0.96,58.85,8818,9393,REVERSE,25.618982_-100.29505
25.618982,-100.29505,2026-04-30 05:16:00,30,4,2026,5,16,134.8,7.824,935.6,0.88,58.85,12445,8089,FORWARD,134.8,6.222,806.6,0.96,58.85,8818,9541,REVERSE,25.618982_-100.29505
25.618982,-100.29505,2026-04-30 06:58:00,30,4,2026,6,58,133.9,8.739,981.4,0.83,58.81,12608,8089,FORWARD,133.9,6.028,761.0,0.94,58.81,8818,9675,REVERSE,25.618982_-100.29505
25.618982,-100.29505,2026-04-30 09:13:00,30,4,2026,9,13,132.6,1.903,82.6,0.32,58.88,12674,8102,REVERSE,132.6,2.49,214.3,0.64,58.88,8848,9725,FORWARD,25.618982_-100.29505
25.618982,-100.29505,2026-04-30 10:49:00,30,4,2026,10,49,132.1,3.314,319.1,0.72,58.84,12674,8144,REVERSE,132.1,4.563,468.7,0.77,58.84,8913,9725,FORWARD,25.618982_-100.29505
25.618982,-100.29505,2026-04-30 12:00:00,30,4,2026,12,0,132.1,2.504,168.6,0.5,58.85,12674,8221,REVERSE,132.1,3.389,328.0,0.73,58.85,9007,9725,FORWARD,25.618982_-100.29505
25.618982,-100.29505,2026-04-30 13:45:00,30,4,2026,13,45,131.7,3.7,380.1,0.77,58.85,12674,8275,REVERSE,131.7,4.986,520.1,0.79,58.85,9085,9725,FORWARD,25.618982_-100.29505
25.618982,-100.29505,2026-05-12 14:40:00,12,5,2026,14,40,132.4,6.835,658.1,0.72,58.82,22866,13548,REVERSE,132.4,6.511,706.2,0.81,58.82,15118,18141,FORWARD,25.618982_-100.29505
25.618982,-100.29505,2026-05-12 14:46:00,12,5,2026,14,46,132.3,7.514,963.0,0.96,58.84,22866,13555,REVERSE,132.3,7.602,840.4,0.83,58.84,15126,18141,FORWARD,25.618982_-100.29505
25.618982,-100.29505,2026-05-12 16:12:00,12,5,2026,16,12,132.5,1.093,65.5,0.45,58.85,22866,13655,REVERSE,132.5,3.527,327.7,0.7,58.85,15216,18141,FORWARD,25.618982_-100.29505
25.618982,-100.29505,2026-05-12 17:31:00,12,5,2026,17,31,131.6,11.947,1022.2,0.64,58.84,22885,13668,FORWARD,131.6,10.534,1288.5,0.92,58.84,15238,18162,REVERSE,25.618982_-100.29505
25.618982,-100.29505,2026-05-12 19:26:00,12,5,2026,19,26,133.6,8.66,941.3,0.81,58.81,23123,13668,FORWARD,133.6,5.152,661.8,0.96,58.81,15238,18376,REVERSE,25.618982_-100.29505
25.618982,-100.29505,2026-05-12 23:33:00,12,5,2026,23,33,134.5,2.924,318.0,0.8,58.81,23405,13668,FORWARD,134.5,2.39,221.3,0.68,58.81,15238,18528,REVERSE,25.618982_-100.29505
25.618982,-100.29505,2026-05-13 02:21:00,13,5,2026,2,21,135.3,3.498,390.2,0.82,58.81,23519,13668,FORWARD,135.3,2.035,203.3,0.73,58.81,15238,18594,REVERSE,25.618982_-100.29505
25.618982,-100.29505,2026-05-13 05:14:00,13,5,2026,5,14,135.8,2.582,311.9,0.89,58.76,23630,13668,FORWARD,135.8,1.966,196.8,0.73,58.76,15238,18652,REVERSE,25.618982_-100.29505
25.618982,-100.29505,2026-05-13 07:32:00,13,5,2026,7,32,134.6,2.863,148.8,0.38,58.84,23708,13668,FORWARD,134.6,1.635,97.8,0.44,58.84,15239,18681,FORWARD,25.618982_-100.29505
25.618982,-100.29505,2026-05-13 10:08:00,13,5,2026,10,8,133.8,2.773,126.1,0.33,58.82,23728,13687,REVERSE,133.8,4.525,465.3,0.76,58.82,15320,18694,FORWARD,25.618982_-100.29505
25.618982,-100.29505,2026-05-13 12:19:00,13,5,2026,12,19,134.0,4.289,461.8,0.8,58.84,23732,13772,REVERSE,134.0,6.864,707.1,0.76,58.84,15465,18695,FORWARD,25.618982_-100.29505
25.618982,-100.29505,2026-05-13 14:15:00,13,5,2026,14,15,132.9,2.924,281.3,0.72,58.81,23734,13892,REVERSE,132.9,4.839,407.4,0.63,58.81,15603,18708,FORWARD,25.618982_-100.29505
25.618982,-100.29505,2026-05-13 15:48:00,13,5,2026,15,48,132.2,4.94,574.4,0.87,58.85,23734,13933,REVERSE,132.2,7.888,830.9,0.79,58.85,15664,18708,FORWARD,25.618982_-100.29505
25.618982,-100.29505,2026-05-13 17:05:00,13,5,2026,17,5,131.1,5.334,528.0,0.75,58.81,23749,13974,FORWARD,131.1,2.864,355.2,0.94,58.81,15736,18717,REVERSE,25.618982_-100.29505
25.618982,-100.29505,2026-05-13 18:18:00,13,5,2026,18,18,132.4,3.182,274.2,0.64,58.85,23763,13982,FORWARD,132.4,1.331,84.8,0.48,58.85,15749,18725,REVERSE,25.618982_-100.29505
25.618982,-100.29505,2026-05-13 22:17:00,13,5,2026,22,17,134.8,7.426,832.2,0.83,58.81,24050,13982,FORWARD,134.8,4.573,601.2,0.97,58.81,15749,18900,REVERSE,25.618982_-100.29505
25.618982,-100.29505,2026-05-14 01:26:00,14,5,2026,1,26,135.0,3.719,419.1,0.83,58.78,24293,13982,FORWARD,135.0,2.095,257.2,0.9,58.78,15749,19075,REVERSE,25.618982_-100.29505
25.618982,-100.29505,2026-05-14 03:57:00,14,5,2026,3,57,135.4,6.179,741.7,0.88,58.81,24380,13982,FORWARD,135.4,4.142,544.7,0.97,58.81,15749,19128,REVERSE,25.618982_-100.29505
25.618982,-100.29505,2026-05-14 05:57:00,14,5,2026,5,57,135.6,5.306,617.8,0.85,58.76,24509,13982,FORWARD,135.6,3.11,400.1,0.94,58.76,15749,19215,REVERSE,25.618982_-100.29505
25.618982,-100.29505,2026-05-14 08:30:00,14,5,2026,8,30,135.1,3.247,313.8,0.71,58.76,24591,13995,REVERSE,135.1,4.378,457.4,0.77,58.76,15775,19272,FORWARD,25.618982_-100.29505
25.618982,-100.29505,2026-05-14 10:31:00,14,5,2026,10,31,134.1,9.039,1040.1,0.85,58.81,24591,14131,REVERSE,134.1,9.643,1097.9,0.84,58.81,15936,19272,FORWARD,25.618982_-100.29505
25.618982,-100.29505,2026-05-14 12:21:00,14,5,2026,12,21,134.3,10.49,1205.2,0.85,58.84,24591,14331,REVERSE,134.3,11.651,1312.9,0.83,58.84,16153,19272,FORWARD,25.618982_-100.29505
25.618982,-100.29505,2026-05-14 14:18:00,14,5,2026,14,18,132.7,9.561,1100.8,0.86,58.85,24591,14571,REVERSE,132.7,10.855,1225.4,0.85,58.85,16413,19272,FORWARD,25.618982_-100.29505
25.618982,-100.29505,2026-05-14 15:40:00,14,5,2026,15,40,132.0,7.025,786.5,0.84,58.84,24591,14698,REVERSE,132.0,8.433,929.0,0.83,58.84,16558,19272,FORWARD,25.618982_-100.29505
25.618982,-100.29505,2026-05-14 16:57:00,14,5,2026,16,57,131.8,6.279,673.0,0.81,58.82,24591,14776,REVERSE,131.8,5.743,611.2,0.8,58.82,16644,19272,FORWARD,25.618982_-100.29505
25.618982,-100.29505,2026-05-14 18:01:00,14,5,2026,18,1,132.1,4.922,197.4,0.3,58.84,24595,14798,REVERSE,132.1,1.586,71.4,0.34,58.84,16668,19272,FORWARD,25.618982_-100.29505
25.618982,-100.29505,2026-05-14 22:31:00,14,5,2026,22,31,134.3,7.608,900.6,0.87,58.81,25029,14805,FORWARD,134.3,5.83,767.9,0.98,58.81,16670,19633,REVERSE,25.618982_-100.29505
25.618982,-100.29505,2026-05-15 01:44:00,15,5,2026,1,44,134.7,4.333,533.2,0.91,58.79,25261,14805,FORWARD,134.7,3.679,471.2,0.95,58.79,16670,19835,REVERSE,25.618982_-100.29505
25.618982,-100.29505,2026-05-15 04:24:00,15,5,2026,4,24,135.2,3.576,460.6,0.95,58.76,25407,14805,FORWARD,135.2,3.475,447.0,0.95,58.76,16670,19960,REVERSE,25.618982_-100.29505
25.618982,-100.29505,2026-05-15 06:22:00,15,5,2026,6,22,135.2,2.476,230.7,0.68,58.84,25500,14805,FORWARD,135.2,1.982,200.8,0.74,58.84,16670,20042,REVERSE,25.618982_-100.29505
25.618982,-100.29505,2026-05-15 09:04:00,15,5,2026,9,4,134.3,3.521,376.1,0.79,58.87,25569,14815,REVERSE,134.3,3.861,300.8,0.58,58.87,16682,20095,FORWARD,25.618982_-100.29505
25.618982,-100.29505,2026-05-15 11:03:00,15,5,2026,11,3,134.5,8.964,1053.1,0.87,58.82,25569,14965,REVERSE,134.5,9.824,1096.3,0.82,58.82,16843,20095,FORWARD,25.618982_-100.29505
25.618982,-100.29505,2026-05-15 12:58:00,15,5,2026,12,58,133.7,10.521,1231.3,0.87,58.82,25569,15189,REVERSE,133.7,11.449,1281.8,0.83,58.82,17077,20095,FORWARD,25.618982_-100.29505
25.618982,-100.29505,2026-05-15 14:20:00,15,5,2026,14,20,133.1,9.611,1131.2,0.88,58.85,25569,15347,REVERSE,133.1,10.706,1206.2,0.84,58.85,17243,20095,FORWARD,25.618982_-100.29505
25.618982,-100.29505,2026-05-15 15:31:00,15,5,2026,15,31,132.5,7.138,823.2,0.86,58.85,25569,15456,REVERSE,132.5,8.6,922.6,0.8,58.85,17359,20095,FORWARD,25.618982_-100.29505
25.618982,-100.29505,2026-05-15 16:49:00,15,5,2026,16,49,132.4,3.753,384.8,0.77,58.81,25569,15514,REVERSE,132.4,4.794,450.5,0.7,58.81,17422,20097,FORWARD,25.618982_-100.29505
25.618982,-100.29505,2026-05-15 17:07:00,15,5,2026,17,7,131.5,5.248,540.5,0.78,58.85,25579,15516,FORWARD,131.5,3.631,463.9,0.97,58.85,17424,20105,REVERSE,25.618982_-100.29505
25.618982,-100.29505,2026-05-15 17:34:00,15,5,2026,17,34,132.0,6.101,656.8,0.81,58.81,25607,15516,FORWARD,132.0,4.79,613.4,0.97,58.81,17424,20130,REVERSE,25.618982_-100.29505
25.618982,-100.29505,2026-05-15 17:35:00,15,5,2026,17,35,131.9,6.559,710.6,0.82,58.78,25607,15516,FORWARD,131.9,5.245,668.4,0.96,58.78,17424,20130,REVERSE,25.618982_-100.29505
25.618982,-100.29505,2026-05-15 17:42:00,15,5,2026,17,42,131.7,6.726,731.6,0.82,58.84,25615,15516,FORWARD,131.7,5.298,675.5,0.96,58.84,17424,20138,REVERSE,25.618982_-100.29505
25.618982,-100.29505,2026-05-15 19:22:00,15,5,2026,19,22,132.8,7.547,880.4,0.87,58.82,25753,15516,FORWARD,132.8,6.988,892.9,0.96,58.82,17424,20273,REVERSE,25.618982_-100.29505
25.618982,-100.29505,2026-05-15 23:00:00,15,5,2026,23,0,134.2,6.03,728.6,0.89,58.84,26080,15516,FORWARD,134.2,5.258,683.1,0.96,58.84,17424,20575,REVERSE,25.618982_-100.29505
25.618982,-100.29505,2026-05-16 01:22:00,16,5,2026,1,22,134.9,4.497,568.3,0.93,58.84,26233,15516,FORWARD,134.9,3.562,473.9,0.98,58.84,17424,20707,REVERSE,25.618982_-100.29505
25.618982,-100.29505,2026-05-16 03:15:00,16,5,2026,3,15,134.8,3.857,479.8,0.91,58.81,26333,15516,FORWARD,134.8,2.937,381.3,0.96,58.81,17424,20784,REVERSE,25.618982_-100.29505
25.618982,-100.29505,2026-05-16 04:40:00,16,5,2026,4,40,135.6,3.869,475.1,0.9,58.84,26403,15516,FORWARD,135.6,2.852,369.5,0.95,58.84,17424,20839,REVERSE,25.618982_-100.29505
25.618982,-100.29505,2026-05-16 05:51:00,16,5,2026,5,51,135.8,3.835,473.8,0.9,58.79,26457,15516,FORWARD,135.8,2.853,369.9,0.95,58.79,17424,20882,REVERSE,25.618982_-100.29505
25.618982,-100.29505,2026-05-16 07:23:00,16,5,2026,7,23,135.3,2.649,311.2,0.86,58.82,26517,15516,FORWARD,135.3,1.809,222.3,0.9,58.82,17424,20928,REVERSE,25.618982_-100.29505
25.618982,-100.29505,2026-05-16 08:42:00,16,5,2026,8,42,134.2,1.656,144.4,0.64,58.81,26547,15516,FORWARD,134.2,1.498,128.7,0.64,58.81,17424,20949,REVERSE,25.618982_-100.29505
25.618982,-100.29505,2026-05-16 09:58:00,16,5,2026,9,58,134.7,2.979,285.9,0.71,58.82,26558,15522,REVERSE,134.7,3.83,335.4,0.65,58.82,17436,20962,FORWARD,25.618982_-100.29505
25.618982,-100.29505,2026-05-16 11:09:00,16,5,2026,11,9,134.8,7.279,846.7,0.86,58.82,26558,15593,REVERSE,134.8,8.188,888.9,0.8,58.82,17512,20962,FORWARD,25.618982_-100.29505
25.618982,-100.29505,2026-05-16 12:09:00,16,5,2026,12,9,134.9,8.588,990.2,0.85,58.82,26558,15684,REVERSE,134.9,9.109,966.1,0.78,58.82,17604,20962,FORWARD,25.618982_-100.29505
25.618982,-100.29505,2026-05-16 13:36:00,16,5,2026,13,36,134.4,8.878,1039.9,0.87,58.87,26558,15812,REVERSE,134.4,9.418,1041.2,0.82,58.87,17733,20962,FORWARD,25.618982_-100.29505
25.618982,-100.29505,2026-05-16 14:26:00,16,5,2026,14,26,133.2,3.103,120.1,0.29,58.84,26561,15856,FORWARD,133.2,1.558,59.8,0.28,58.84,17778,20964,REVERSE,25.618982_-100.29505
25.618982,-100.29505,2026-05-16 15:31:00,16,5,2026,15,31,133.4,2.466,178.3,0.54,58.85,26562,15879,REVERSE,133.4,2.8,159.0,0.42,58.85,17797,20965,FORWARD,25.618982_-100.29505
25.618982,-100.29505,2026-05-16 16:27:00,16,5,2026,16,27,132.6,3.5,376.6,0.8,58.81,26586,15881,FORWARD,132.6,2.574,320.3,0.93,58.81,17799,20985,REVERSE,25.618982_-100.29505
25.618982,-100.29505,2026-05-16 17:33:00,16,5,2026,17,33,132.6,5.547,608.3,0.82,58.84,26627,15881,FORWARD,132.6,3.303,428.2,0.97,58.84,17799,21017,REVERSE,25.618982_-100.29505
25.618982,-100.29505,2026-05-16 19:29:00,16,5,2026,19,29,133.7,5.596,609.3,0.81,58.81,26813,15881,FORWARD,133.7,3.197,417.1,0.97,58.81,17799,21161,REVERSE,25.618982_-100.29505
25.618982,-100.29505,2026-05-16 23:33:00,16,5,2026,23,33,134.6,4.678,549.7,0.87,58.85,27056,15881,FORWARD,134.6,2.963,385.9,0.96,58.85,17799,21347,REVERSE,25.618982_-100.29505
25.618982,-100.29505,2026-05-17 01:59:00,17,5,2026,1,59,134.9,6.838,834.0,0.9,58.85,27206,15881,FORWARD,134.9,4.94,660.0,0.98,58.85,17799,21469,REVERSE,25.618982_-100.29505
25.618982,-100.29505,2026-05-17 03:56:00,17,5,2026,3,56,135.1,5.123,619.3,0.89,58.79,27346,15881,FORWARD,135.1,3.715,476.5,0.94,58.79,17799,21580,REVERSE,25.618982_-100.29505
25.618982,-100.29505,2026-05-17 05:12:00,17,5,2026,5,12,135.4,4.752,575.2,0.89,58.82,27420,15881,FORWARD,135.4,3.405,435.0,0.94,58.82,17799,21636,REVERSE,25.618982_-100.29505
25.618982,-100.29505,2026-05-17 06:08:00,17,5,2026,6,8,135.8,5.419,688.1,0.93,58.81,27477,15881,FORWARD,135.8,4.24,568.8,0.98,58.81,17799,21683,REVERSE,25.618982_-100.29505
25.618982,-100.29505,2026-05-17 08:00:00,17,5,2026,8,0,135.6,1.354,70.5,0.38,58.85,27539,15882,REVERSE,135.6,1.776,40.2,0.16,58.85,17803,21743,FORWARD,25.618982_-100.29505
25.618982,-100.29505,2026-05-17 09:31:00,17,5,2026,9,31,135.9,2.36,199.7,0.62,58.84,27539,15910,REVERSE,135.9,3.781,365.0,0.71,58.84,17834,21743,FORWARD,25.618982_-100.29505
25.618982,-100.29505,2026-05-17 10:36:00,17,5,2026,10,36,136.0,6.067,776.4,0.93,58.81,27539,15990,REVERSE,136.0,9.396,1065.4,0.83,58.81,17929,21743,FORWARD,25.618982_-100.29505
25.618982,-100.29505,2026-05-17 11:39:00,17,5,2026,11,39,134.9,2.772,288.8,0.77,58.85,27539,16066,REVERSE,134.9,3.652,316.9,0.64,58.85,18019,21743,FORWARD,25.618982_-100.29505
25.618982,-100.29505,2026-05-17 12:44:00,17,5,2026,12,44,131.0,16.481,1835.8,0.84,58.82,27669,16076,FORWARD,131.0,21.652,2679.2,0.94,58.82,18030,21893,REVERSE,25.618982_-100.29505
25.618982,-100.29505,2026-05-17 14:04:00,17,5,2026,14,4,130.5,25.003,2856.7,0.87,58.84,27897,16076,FORWARD,130.5,22.899,2717.3,0.9,58.84,18030,22124,REVERSE,25.618982_-100.29505
25.618982,-100.29505,2026-05-17 15:10:00,17,5,2026,15,10,132.9,2.686,186.8,0.52,58.82,28095,16076,FORWARD,132.9,1.039,39.2,0.28,58.82,18030,22307,REVERSE,25.618982_-100.29505
25.618982,-100.29505,2026-05-17 16:11:00,17,5,2026,16,11,133.0,2.343,169.0,0.54,58.82,28103,16082,FORWARD,133.0,1.061,34.6,0.24,58.82,18043,22308,REVERSE,25.618982_-100.29505
25.618982,-100.29505,2026-05-17 17:14:00,17,5,2026,17,14,132.9,6.517,671.6,0.77,58.81,28178,16082,FORWARD,132.9,3.092,392.4,0.95,58.81,18043,22374,REVERSE,25.618982_-100.29505
25.618982,-100.29505,2026-05-17 18:13:00,17,5,2026,18,13,132.4,6.779,652.5,0.72,58.82,28238,16082,FORWARD,132.4,2.512,325.5,0.97,58.82,18043,22405,REVERSE,25.618982_-100.29505
25.618982,-100.29505,2026-05-17 22:45:00,17,5,2026,22,45,134.0,3.48,375.0,0.8,58.81,28733,16082,FORWARD,134.0,3.206,315.5,0.73,58.81,18043,22834,REVERSE,25.618982_-100.29505
25.618982,-100.29505,2026-05-18 02:45:00,18,5,2026,2,45,135.0,2.877,315.2,0.8,58.85,28871,16082,FORWARD,135.0,1.836,139.3,0.56,58.85,18043,22895,REVERSE,25.618982_-100.29505
25.618982,-100.29505,2026-05-18 06:32:00,18,5,2026,6,32,134.4,4.898,542.4,0.82,58.81,29081,16082,FORWARD,134.4,2.574,339.1,0.97,58.81,18043,23037,REVERSE,25.618982_-100.29505
25.618982,-100.29505,2026-05-18 10:06:00,18,5,2026,10,6,132.1,2.063,132.2,0.48,58.79,29142,16172,REVERSE,132.1,2.987,250.9,0.63,58.79,18165,23079,FORWARD,25.618982_-100.29505
25.618982,-100.29505,2026-05-18 10:33:00,18,5,2026,10,33,132.2,2.554,187.3,0.55,58.81,29142,16198,REVERSE,132.2,3.544,347.6,0.74,58.81,18198,23079,FORWARD,25.618982_-100.29505
25.618982,-100.29505,2026-05-18 12:14:00,18,5,2026,12,14,132.6,10.201,1195.2,0.88,58.82,29142,16346,REVERSE,132.6,11.899,1353.8,0.85,58.82,18373,23079,FORWARD,25.618982_-100.29505
25.618982,-100.29505,2026-05-18 14:05:00,18,5,2026,14,5,131.0,2.122,38.1,0.13,58.84,29144,16439,FORWARD,131.0,1.824,125.2,0.52,58.84,18495,23079,FORWARD,25.618982_-100.29505
25.618982,-100.29505,2026-05-18 15:41:00,18,5,2026,15,41,131.6,1.826,21.6,0.08,58.87,29150,16467,FORWARD,131.6,1.74,115.3,0.5,58.87,18538,23079,FORWARD,25.618982_-100.29505
25.618982,-100.29505,2026-05-18 17:02:00,18,5,2026,17,2,131.1,7.703,849.4,0.83,58.84,29238,16467,FORWARD,131.1,6.363,800.2,0.95,58.84,18541,23156,REVERSE,25.618982_-100.29505
25.618982,-100.29505,2026-05-18 19:25:00,18,5,2026,19,25,132.3,6.649,778.1,0.88,58.79,29422,16467,FORWARD,132.3,4.795,627.9,0.98,58.79,18541,23303,REVERSE,25.618982_-100.29505
25.618982,-100.29505,2026-05-18 23:49:00,18,5,2026,23,49,133.9,3.901,460.3,0.87,58.85,29688,16467,FORWARD,133.9,2.465,302.8,0.91,58.85,18541,23536,REVERSE,25.618982_-100.29505
25.618982,-100.29505,2026-05-19 03:44:00,19,5,2026,3,44,135.4,4.654,569.7,0.9,58.81,29932,16467,FORWARD,135.4,3.386,429.6,0.93,58.81,18541,23727,REVERSE,25.618982_-100.29505
25.618982,-100.29505,2026-05-19 06:39:00,19,5,2026,6,39,134.1,4.175,477.3,0.85,58.81,30106,16467,FORWARD,134.1,2.522,330.2,0.97,58.81,18541,23847,REVERSE,25.618982_-100.29505
25.618982,-100.29505,2026-05-19 09:00:00,19,5,2026,9,0,132.8,2.434,208.3,0.64,58.84,30248,16467,FORWARD,132.8,1.086,28.4,0.19,58.84,18541,23961,REVERSE,25.618982_-100.29505
25.618982,-100.29505,2026-05-19 09:27:00,19,5,2026,9,27,133.0,2.164,166.1,0.57,58.79,30255,16467,FORWARD,133.0,1.306,16.6,0.09,58.79,18541,23963,FORWARD,25.618982_-100.29505
25.618982,-100.29505,2026-05-19 10:03:00,19,5,2026,10,3,133.0,2.561,36.3,0.1,58.79,30263,16467,FORWARD,133.0,2.729,257.0,0.7,58.79,18545,23963,FORWARD,25.618982_-100.29505
25.618982,-100.29505,2026-05-19 12:17:00,19,5,2026,12,17,132.9,2.433,126.0,0.38,58.79,30271,16508,REVERSE,132.9,3.417,333.5,0.73,58.79,18593,23963,FORWARD,25.618982_-100.29505
25.618982,-100.29505,2026-05-19 14:08:00,19,5,2026,14,8,132.7,8.382,216.0,0.19,58.79,30278,16537,FORWARD,132.7,2.013,212.5,0.79,58.79,18633,23969,REVERSE,25.618982_-100.29505
25.618982,-100.29505,2026-05-19 15:48:00,19,5,2026,15,48,132.5,3.814,313.0,0.61,58.84,30319,16565,FORWARD,132.5,1.994,147.1,0.55,58.84,18664,24004,REVERSE,25.618982_-100.29505
25.618982,-100.29505,2026-05-19 17:02:00,19,5,2026,17,2,132.5,6.918,152.1,0.16,58.81,30356,16565,FORWARD,132.5,2.485,306.7,0.93,58.81,18665,24033,REVERSE,25.618982_-100.29505
25.618982,-100.29505,2026-05-19 19:27:00,19,5,2026,19,27,134.0,11.263,1303.3,0.86,58.87,30553,16565,FORWARD,134.0,9.019,1167.4,0.96,58.87,18665,24216,REVERSE,25.618982_-100.29505
25.618982,-100.29505,2026-05-19 23:50:00,19,5,2026,23,50,134.0,5.9,721.9,0.91,58.79,31004,16565,FORWARD,134.0,4.343,574.0,0.98,58.79,18665,24591,REVERSE,25.618982_-100.29505
25.618982,-100.29505,2026-05-20 03:35:00,20,5,2026,3,35,135.1,3.178,423.2,0.98,58.79,31196,16565,FORWARD,135.1,2.59,327.1,0.93,58.79,18665,24721,REVERSE,25.618982_-100.29505
25.618982,-100.29505,2026-05-20 06:10:00,20,5,2026,6,10,135.2,2.813,310.6,0.81,58.79,31321,16565,FORWARD,135.2,1.724,140.5,0.6,58.79,18665,24809,REVERSE,25.618982_-100.29505
25.618982,-100.29505,2026-05-20 10:00:00,20,5,2026,10,0,134.3,6.726,793.4,0.87,58.82,31401,16633,REVERSE,134.3,8.698,974.5,0.83,58.82,18766,24856,FORWARD,25.618982_-100.29505
25.618982,-100.29505,2026-05-20 12:28:00,20,5,2026,12,28,133.5,4.876,556.3,0.85,58.81,31401,16742,REVERSE,133.5,6.685,715.2,0.8,58.81,18915,24856,FORWARD,25.618982_-100.29505
25.618982,-100.29505,2026-05-20 14:38:00,20,5,2026,14,38,132.8,2.285,210.1,0.69,58.81,31411,16807,FORWARD,132.8,1.261,49.8,0.29,58.81,19007,24858,REVERSE,25.618982_-100.29505
25.618982,-100.29505,2026-05-20 16:15:00,20,5,2026,16,15,133.4,1.924,160.7,0.62,58.79,31437,16818,FORWARD,133.4,1.362,9.8,0.05,58.79,19022,24863,REVERSE,25.618982_-100.29505
25.618982,-100.29505,2026-05-20 17:42:00,20,5,2026,17,42,133.8,2.366,250.4,0.78,58.78,31470,16818,FORWARD,133.8,1.307,109.0,0.62,58.78,19022,24876,REVERSE,25.618982_-100.29505
25.618982,-100.29505,2026-05-20 21:45:00,20,5,2026,21,45,135.5,3.719,401.9,0.79,58.81,31709,16818,FORWARD,135.5,2.145,189.2,0.65,58.81,19022,25068,REVERSE,25.618982_-100.29505
25.618982,-100.29505,2026-05-21 01:54:00,21,5,2026,1,54,135.8,2.412,281.5,0.85,58.78,31835,16818,FORWARD,135.8,1.817,140.2,0.56,58.78,19022,25140,REVERSE,25.618982_-100.29505
25.618982,-100.29505,2026-05-21 05:26:00,21,5,2026,5,26,135.7,3.888,491.4,0.93,58.84,31975,16818,FORWARD,135.7,2.751,353.8,0.94,58.84,19022,25227,REVERSE,25.618982_-100.29505
25.618982,-100.29505,2026-05-21 08:25:00,21,5,2026,8,25,134.5,2.909,209.1,0.53,58.79,32071,16818,FORWARD,134.5,1.989,117.0,0.43,58.79,19027,25285,FORWARD,25.618982_-100.29505
25.618982,-100.29505,2026-05-21 11:19:00,21,5,2026,11,19,134.2,8.629,984.8,0.84,58.79,32095,16911,REVERSE,134.2,9.292,1033.7,0.82,58.79,19130,25287,FORWARD,25.618982_-100.29505
25.618982,-100.29505,2026-05-21 13:22:00,21,5,2026,13,22,133.3,8.338,960.6,0.86,58.87,32095,17103,REVERSE,133.3,9.093,1022.9,0.84,58.87,19338,25287,FORWARD,25.618982_-100.29505
25.618982,-100.29505,2026-05-21 15:16:00,21,5,2026,15,16,132.7,5.117,454.4,0.66,58.82,32099,17188,REVERSE,132.7,2.327,192.9,0.62,58.82,19437,25287,FORWARD,25.618982_-100.29505
25.618982,-100.29505,2026-05-21 16:45:00,21,5,2026,16,45,133.3,5.641,345.7,0.45,58.81,32099,17242,REVERSE,133.3,2.301,191.9,0.62,58.81,19487,25287,FORWARD,25.618982_-100.29505
25.618982,-100.29505,2026-05-21 18:02:00,21,5,2026,18,2,133.7,4.984,223.9,0.33,58.84,32099,17285,REVERSE,133.7,1.36,21.7,0.11,58.84,19517,25288,REVERSE,25.618982_-100.29505
25.618982,-100.29505,2026-05-21 22:39:00,21,5,2026,22,39,135.0,3.337,356.1,0.78,58.81,32225,17287,FORWARD,135.0,1.932,173.7,0.66,58.81,19521,25347,REVERSE,25.618982_-100.29505
25.618982,-100.29505,2026-05-22 02:02:00,22,5,2026,2,2,135.6,1.963,255.2,0.95,58.81,32337,17287,FORWARD,135.6,1.85,142.3,0.56,58.81,19521,25398,REVERSE,25.618982_-100.29505
25.618982,-100.29505,2026-05-22 05:20:00,22,5,2026,5,20,136.1,2.871,320.4,0.81,58.82,32444,17287,FORWARD,136.1,1.841,141.4,0.56,58.82,19521,25445,REVERSE,25.618982_-100.29505
25.618982,-100.29505,2026-05-22 07:59:00,22,5,2026,7,59,134.9,2.091,35.7,0.12,58.79,32508,17287,REVERSE,134.9,2.776,228.4,0.6,58.79,19528,25463,FORWARD,25.618982_-100.29505
25.618982,-100.29505,2026-05-22 10:32:00,22,5,2026,10,32,133.8,7.12,850.1,0.89,58.81,32508,17412,REVERSE,133.8,9.349,1046.3,0.83,58.81,19702,25463,FORWARD,25.618982_-100.29505
25.618982,-100.29505,2026-05-22 12:21:00,22,5,2026,12,21,133.1,8.985,1074.5,0.89,58.85,32508,17592,REVERSE,133.1,11.152,1270.7,0.85,58.85,19915,25463,FORWARD,25.618982_-100.29505
25.618982,-100.29505,2026-05-22 14:24:00,22,5,2026,14,24,132.3,8.676,1046.1,0.9,58.85,32508,17814,REVERSE,132.3,10.56,1213.3,0.86,58.85,20173,25463,FORWARD,25.618982_-100.29505
25.618982,-100.29505,2026-05-22 15:46:00,22,5,2026,15,46,131.7,3.458,227.6,0.49,58.87,32508,17911,FORWARD,131.7,1.551,58.5,0.28,58.87,20298,25463,FORWARD,25.618982_-100.29505
25.618982,-100.29505,2026-05-22 16:59:00,22,5,2026,16,59,131.5,5.937,498.2,0.63,58.87,32555,17912,FORWARD,131.5,1.903,194.5,0.77,58.87,20299,25472,REVERSE,25.618982_-100.29505
25.618982,-100.29505,2026-05-22 18:14:00,22,5,2026,18,14,131.5,8.689,870.3,0.76,58.82,32639,17912,FORWARD,131.5,4.588,560.0,0.92,58.82,20299,25522,REVERSE,25.618982_-100.29505
25.618982,-100.29505,2026-05-22 22:11:00,22,5,2026,22,11,133.5,2.501,260.3,0.77,58.85,32984,17912,FORWARD,133.5,1.696,146.1,0.64,58.85,20299,25786,REVERSE,25.618982_-100.29505
25.618982,-100.29505,2026-05-23 01:09:00,23,5,2026,1,9,134.7,2.692,301.3,0.82,58.79,33066,17912,FORWARD,134.7,1.919,172.9,0.66,58.79,20299,25828,REVERSE,25.618982_-100.29505
25.618982,-100.29505,2026-05-23 03:15:00,23,5,2026,3,15,135.1,2.408,277.8,0.85,58.84,33130,17912,FORWARD,135.1,1.929,173.3,0.66,58.84,20299,25865,REVERSE,25.618982_-100.29505
25.618982,-100.29505,2026-05-23 04:46:00,23,5,2026,4,46,134.9,3.547,400.8,0.83,58.79,33179,17912,FORWARD,134.9,1.829,216.2,0.87,58.79,20299,25893,REVERSE,25.618982_-100.29505
25.618982,-100.29505,2026-05-23 06:00:00,23,5,2026,6,0,134.8,5.847,732.4,0.92,58.82,33242,17912,FORWARD,134.8,4.713,629.8,0.99,58.82,20299,25936,REVERSE,25.618982_-100.29505
25.618982,-100.29505,2026-05-23 08:05:00,23,5,2026,8,5,134.4,3.269,350.7,0.79,58.78,33336,17912,FORWARD,134.4,1.921,241.9,0.93,58.78,20299,26009,REVERSE,25.618982_-100.29505
25.618982,-100.29505,2026-05-23 09:34:00,23,5,2026,9,34,134.0,2.297,176.2,0.57,58.79,33374,17912,FORWARD,134.0,1.129,8.5,0.05,58.79,20300,26028,FORWARD,25.618982_-100.29505
25.618982,-100.29505,2026-05-23 10:38:00,23,5,2026,10,38,134.7,4.975,601.1,0.89,58.79,33391,17931,REVERSE,134.7,7.957,892.1,0.83,58.79,20333,26035,FORWARD,25.618982_-100.29505
25.618982,-100.29505,2026-05-23 11:43:00,23,5,2026,11,43,132.6,1.186,92.0,0.58,58.84,33401,17959,FORWARD,132.6,1.646,11.5,0.05,58.84,20375,26037,FORWARD,25.618982_-100.29505
