timestamp,voltage_V,current_A,power_W,pf,freq_Hz,energy_Wh,energy_reverse_Wh,direction
2026-04-24 16:14:02,131.5,6.257,606.9,0.73,58.87,6113,3860,FORWARD
2026-04-24 16:37:17,131.4,5.401,517.4,0.72,58.84,6132,3860,FORWARD
2026-04-24 16:38:56,131.7,5.3,508.8,0.72,58.88,6135,3860,FORWARD
2026-04-24 17:23:32,131.6,3.105,223.4,0.54,58.82,6158,3865,FORWARD
2026-04-24 17:24:39,131.4,3.099,222.1,0.54,58.82,6158,3865,FORWARD
2026-04-24 18:02:36,132.1,1.84,3.6,0.01,58.82,6165,3868,FORWARD
2026-04-24 21:27:44,133.9,2.671,252.5,0.7,58.85,6165,3944,REVERSE
2026-04-24 23:27:28,134.3,2.131,186.0,0.64,58.81,6165,3988,REVERSE
2026-04-25 00:51:13,134.6,1.802,138.7,0.57,58.81,6165,4011,REVERSE
2026-04-25 01:57:20,134.9,1.804,138.8,0.57,58.87,6165,4026,REVERSE
2026-04-25 02:56:57,134.8,1.802,138.4,0.56,58.82,6165,4040,REVERSE
2026-04-25 03:54:16,134.9,1.806,138.4,0.56,58.82,6165,4052,REVERSE
2026-04-25 04:38:07,135.1,1.808,139.7,0.57,58.84,6165,4063,REVERSE
2026-04-25 05:25:08,135.3,1.808,139.5,0.57,58.84,6165,4074,REVERSE
2026-04-25 06:00:41,135.7,1.815,141.3,0.57,58.82,6165,4082,REVERSE
2026-04-25 07:24:48,135.0,1.611,54.4,0.24,58.87,6166,4093,FORWARD
2026-04-25 08:12:21,134.1,3.186,259.8,0.6,58.81,6177,4093,FORWARD
2026-04-25 09:02:10,134.2,5.662,576.4,0.75,58.81,6212,4093,FORWARD
2026-04-25 09:51:54,133.3,2.772,151.6,0.41,58.82,6267,4093,FORWARD
2026-04-25 10:28:00,132.9,3.193,232.8,0.54,58.85,6273,4093,FORWARD
2026-04-25 11:10:34,133.3,9.696,1043.5,0.8,58.88,6304,4093,FORWARD
2026-04-25 11:57:06,133.2,10.66,1155.1,0.81,58.84,6386,4093,FORWARD
2026-04-25 12:56:07,133.3,11.002,1232.7,0.84,58.87,6500,4093,FORWARD
2026-04-25 13:43:10,133.0,11.017,1212.8,0.82,58.84,6574,4093,FORWARD
2026-04-25 14:22:15,132.0,1.551,60.2,0.29,58.85,6631,4093,REVERSE
2026-04-25 15:01:13,132.5,3.32,278.0,0.63,58.81,6649,4093,FORWARD
2026-04-25 15:49:19,132.4,7.438,816.4,0.82,58.92,6691,4094,FORWARD
2026-04-25 16:21:12,132.2,6.031,645.3,0.8,58.87,6729,4094,FORWARD
2026-04-25 17:01:04,131.9,4.086,409.4,0.75,58.84,6763,4094,FORWARD
2026-04-25 17:50:05,131.7,2.042,153.9,0.57,58.87,6784,4094,FORWARD
2026-04-25 19:16:02,131.7,6.306,791.6,0.95,58.85,6788,4156,REVERSE
2026-04-25 22:33:37,133.3,7.199,933.8,0.97,58.85,6788,4382,REVERSE
2026-04-26 00:27:11,134.6,3.197,419.7,0.97,58.79,6788,4512,REVERSE
2026-04-26 02:02:40,134.6,5.094,678.2,0.98,58.85,6788,4622,REVERSE
2026-04-26 03:11:59,135.1,4.841,646.3,0.98,58.82,6788,4697,REVERSE
2026-04-26 04:07:07,134.6,4.748,631.6,0.98,58.82,6788,4757,REVERSE
2026-04-26 05:01:13,135.2,4.68,625.1,0.98,58.84,6788,4814,REVERSE
2026-04-26 05:49:26,134.9,4.211,561.0,0.98,58.84,6788,4860,REVERSE
2026-04-26 06:33:52,135.1,3.889,514.5,0.97,58.87,6788,4902,REVERSE
2026-04-26 07:50:18,134.0,1.894,225.3,0.88,58.85,6788,4953,REVERSE
2026-04-26 08:34:34,133.8,1.76,188.0,0.79,58.85,6788,4964,REVERSE
2026-04-26 09:25:37,134.5,4.951,501.7,0.75,58.85,6800,4966,FORWARD
2026-04-26 10:05:33,134.4,6.654,707.1,0.79,58.85,6842,4966,FORWARD
2026-04-26 10:59:44,134.0,7.71,776.4,0.75,58.87,6896,4967,FORWARD
2026-04-26 11:50:33,133.5,8.447,864.1,0.76,58.85,6962,4967,FORWARD
2026-04-26 12:31:38,133.1,5.982,528.6,0.66,58.82,7022,4967,FORWARD
2026-04-26 13:31:20,132.5,11.833,1295.3,0.82,58.84,7062,4975,FORWARD
2026-04-26 14:05:40,132.8,10.437,1133.9,0.81,58.9,7130,4975,FORWARD
2026-04-26 14:55:35,132.0,9.141,975.2,0.8,58.88,7217,4975,FORWARD
2026-04-26 15:36:06,132.2,7.465,768.3,0.77,58.85,7278,4975,FORWARD
2026-04-26 16:07:18,132.0,8.482,888.8,0.79,58.88,7304,4975,FORWARD
2026-04-26 16:57:22,131.7,4.538,384.0,0.64,58.87,7353,4975,FORWARD
2026-04-26 17:41:52,131.2,2.433,96.6,0.3,58.9,7370,4975,FORWARD
2026-04-26 19:15:25,131.6,6.973,872.4,0.95,58.82,7372,5070,REVERSE
2026-04-26 22:42:59,131.5,10.615,1357.8,0.97,58.81,7372,5401,REVERSE
2026-04-27 01:25:30,133.1,6.058,791.6,0.98,58.82,7372,5679,REVERSE
2026-04-27 03:37:22,134.4,5.374,711.1,0.98,58.81,7372,5838,REVERSE
2026-04-27 05:25:38,134.6,5.217,690.1,0.98,58.87,7372,5965,REVERSE
2026-04-27 07:02:20,133.5,3.386,443.0,0.97,58.87,7372,6066,REVERSE
2026-04-27 09:14:32,132.5,6.147,652.3,0.8,58.85,7422,6099,FORWARD
2026-04-27 10:57:39,132.8,10.004,1128.8,0.84,58.85,7540,6099,FORWARD
2026-04-27 12:09:29,132.2,11.934,1351.4,0.85,58.84,7683,6099,FORWARD
2026-04-27 13:48:11,132.1,11.335,1282.3,0.85,58.88,7871,6099,FORWARD
2026-04-27 14:45:36,130.6,2.293,187.5,0.62,58.84,7933,6099,FORWARD
2026-04-27 15:41:26,130.9,4.449,452.9,0.77,58.84,7986,6099,FORWARD
2026-04-27 16:33:53,131.6,5.237,527.3,0.76,58.88,8037,6099,FORWARD
2026-04-27 17:32:29,130.3,8.958,1160.1,0.99,58.88,8063,6099,REVERSE
2026-04-27 19:17:13,131.9,10.859,1365.7,0.95,58.88,8063,6196,REVERSE
2026-04-27 22:46:08,132.8,6.663,851.0,0.96,58.81,8063,6717,REVERSE
2026-04-28 01:19:40,134.0,4.983,633.2,0.94,58.85,8063,6898,REVERSE
2026-04-28 03:37:33,134.8,4.593,585.4,0.94,58.85,8063,7035,REVERSE
2026-04-28 05:25:36,134.7,4.23,546.8,0.95,58.85,8063,7136,REVERSE
2026-04-28 07:11:17,134.2,4.305,543.0,0.93,58.82,8063,7233,REVERSE
2026-04-28 09:45:05,132.6,2.045,137.4,0.5,58.85,8086,7271,FORWARD
2026-04-28 11:19:12,132.2,4.442,440.5,0.74,58.84,8165,7271,FORWARD
2026-04-28 12:56:59,132.4,10.14,1137.8,0.84,58.87,8295,7271,FORWARD
2026-04-28 14:17:50,131.5,9.142,993.2,0.82,58.84,8398,7271,FORWARD
2026-04-28 15:33:02,130.5,7.295,774.5,0.81,58.85,8512,7271,FORWARD
2026-04-28 16:34:22,129.9,5.374,539.1,0.77,58.85,8558,7271,FORWARD
2026-04-28 17:32:02,130.4,1.973,59.8,0.23,58.82,8585,7272,FORWARD
2026-04-28 19:19:11,131.4,1.724,175.0,0.77,58.9,8586,7288,REVERSE
2026-04-28 22:42:53,132.4,5.45,701.2,0.97,58.84,8586,7650,REVERSE
2026-04-29 01:11:35,133.9,6.21,815.7,0.98,58.84,8586,7853,REVERSE
2026-04-29 03:24:25,134.5,5.568,737.8,0.98,58.85,8586,8014,REVERSE
2026-04-29 05:13:51,135.0,4.574,609.5,0.98,58.85,8586,8136,REVERSE
2026-04-29 06:55:40,134.6,1.983,254.9,0.95,58.85,8586,8228,REVERSE
2026-04-29 09:11:16,131.9,7.093,858.4,0.91,58.87,8633,8239,REVERSE
2026-04-29 10:54:00,131.2,3.154,360.0,0.86,58.82,8633,8315,REVERSE
2026-04-29 12:08:46,131.6,11.635,1309.0,0.85,58.88,8651,8332,FORWARD
2026-04-29 13:52:39,129.8,2.452,255.0,0.8,58.87,8754,8345,REVERSE
2026-04-29 14:51:06,128.9,3.447,327.3,0.73,58.85,8780,8375,FORWARD
2026-04-29 15:47:50,128.9,1.483,76.0,0.39,58.84,8808,8375,FORWARD
2026-04-29 16:41:26,129.4,1.04,37.1,0.27,58.82,8815,8375,REVERSE
2026-04-29 17:37:04,130.8,1.323,43.6,0.25,58.82,8817,8377,FORWARD
2026-04-29 19:21:33,131.7,4.059,506.5,0.94,58.88,8818,8450,REVERSE
2026-04-29 22:47:13,131.6,10.486,1333.2,0.96,58.85,8818,8858,REVERSE
2026-04-30 01:17:28,133.1,8.192,1044.1,0.95,58.88,8818,9181,REVERSE
2026-04-30 03:31:05,134.4,6.978,902.7,0.96,58.85,8818,9393,REVERSE
2026-04-30 05:16:28,134.8,6.222,806.6,0.96,58.85,8818,9541,REVERSE
2026-04-30 06:58:08,133.9,6.028,761.0,0.94,58.81,8818,9675,REVERSE
2026-04-30 09:13:34,132.6,2.49,214.3,0.64,58.88,8848,9725,FORWARD
2026-04-30 10:49:34,132.1,4.563,468.7,0.77,58.84,8913,9725,FORWARD
2026-04-30 12:00:29,132.1,3.389,328.0,0.73,58.85,9007,9725,FORWARD
2026-04-30 13:45:37,131.7,4.986,520.1,0.79,58.85,9085,9725,FORWARD
2026-05-12 14:40:49,132.4,6.511,706.2,0.81,58.82,15118,18141,FORWARD
2026-05-12 14:46:00,132.3,7.602,840.4,0.83,58.84,15126,18141,FORWARD
2026-05-12 16:12:42,132.5,3.527,327.7,0.7,58.85,15216,18141,FORWARD
2026-05-12 17:31:51,131.6,10.534,1288.5,0.92,58.84,15238,18162,REVERSE
2026-05-12 19:26:05,133.6,5.152,661.8,0.96,58.81,15238,18376,REVERSE
2026-05-12 23:33:28,134.5,2.39,221.3,0.68,58.81,15238,18528,REVERSE
2026-05-13 02:21:54,135.3,2.035,203.3,0.73,58.81,15238,18594,REVERSE
2026-05-13 05:14:20,135.8,1.966,196.8,0.73,58.76,15238,18652,REVERSE
2026-05-13 07:32:41,134.6,1.635,97.8,0.44,58.84,15239,18681,FORWARD
2026-05-13 10:08:54,133.8,4.525,465.3,0.76,58.82,15320,18694,FORWARD
2026-05-13 12:19:55,134.0,6.864,707.1,0.76,58.84,15465,18695,FORWARD
2026-05-13 14:15:32,132.9,4.839,407.4,0.63,58.81,15603,18708,FORWARD
2026-05-13 15:48:16,132.2,7.888,830.9,0.79,58.85,15664,18708,FORWARD
2026-05-13 17:05:45,131.1,2.864,355.2,0.94,58.81,15736,18717,REVERSE
2026-05-13 18:18:29,132.4,1.331,84.8,0.48,58.85,15749,18725,REVERSE
2026-05-13 22:17:22,134.8,4.573,601.2,0.97,58.81,15749,18900,REVERSE
2026-05-14 01:26:17,135.0,2.095,257.2,0.9,58.78,15749,19075,REVERSE
2026-05-14 03:57:53,135.4,4.142,544.7,0.97,58.81,15749,19128,REVERSE
2026-05-14 05:57:43,135.6,3.11,400.1,0.94,58.76,15749,19215,REVERSE
2026-05-14 08:30:38,135.1,4.378,457.4,0.77,58.76,15775,19272,FORWARD
2026-05-14 10:31:57,134.1,9.643,1097.9,0.84,58.81,15936,19272,FORWARD
2026-05-14 12:21:41,134.3,11.651,1312.9,0.83,58.84,16153,19272,FORWARD
2026-05-14 14:18:17,132.7,10.855,1225.4,0.85,58.85,16413,19272,FORWARD
2026-05-14 15:40:35,132.0,8.433,929.0,0.83,58.84,16558,19272,FORWARD
2026-05-14 16:57:12,131.8,5.743,611.2,0.8,58.82,16644,19272,FORWARD
2026-05-14 18:01:24,132.1,1.586,71.4,0.34,58.84,16668,19272,FORWARD
2026-05-14 22:31:34,134.3,5.83,767.9,0.98,58.81,16670,19633,REVERSE
2026-05-15 01:44:45,134.7,3.679,471.2,0.95,58.79,16670,19835,REVERSE
2026-05-15 04:24:36,135.2,3.475,447.0,0.95,58.76,16670,19960,REVERSE
2026-05-15 06:22:04,135.2,1.982,200.8,0.74,58.84,16670,20042,REVERSE
2026-05-15 09:04:46,134.3,3.861,300.8,0.58,58.87,16682,20095,FORWARD
2026-05-15 11:03:01,134.5,9.824,1096.3,0.82,58.82,16843,20095,FORWARD
2026-05-15 12:58:49,133.7,11.449,1281.8,0.83,58.82,17077,20095,FORWARD
2026-05-15 14:20:13,133.1,10.706,1206.2,0.84,58.85,17243,20095,FORWARD
2026-05-15 15:31:59,132.5,8.6,922.6,0.8,58.85,17359,20095,FORWARD
2026-05-15 16:49:28,132.4,4.794,450.5,0.7,58.81,17422,20097,FORWARD
2026-05-15 17:07:07,131.5,3.631,463.9,0.97,58.85,17424,20105,REVERSE
2026-05-15 17:34:26,132.0,4.79,613.4,0.97,58.81,17424,20130,REVERSE
2026-05-15 17:35:22,131.9,5.245,668.4,0.96,58.78,17424,20130,REVERSE
2026-05-15 17:42:07,131.7,5.298,675.5,0.96,58.84,17424,20138,REVERSE
2026-05-15 19:22:21,132.8,6.988,892.9,0.96,58.82,17424,20273,REVERSE
2026-05-15 23:00:24,134.2,5.258,683.1,0.96,58.84,17424,20575,REVERSE
2026-05-16 01:22:46,134.9,3.562,473.9,0.98,58.84,17424,20707,REVERSE
2026-05-16 03:15:18,134.8,2.937,381.3,0.96,58.81,17424,20784,REVERSE
2026-05-16 04:40:52,135.6,2.852,369.5,0.95,58.84,17424,20839,REVERSE
2026-05-16 05:51:59,135.8,2.853,369.9,0.95,58.79,17424,20882,REVERSE
2026-05-16 07:23:54,135.3,1.809,222.3,0.9,58.82,17424,20928,REVERSE
2026-05-16 08:42:26,134.2,1.498,128.7,0.64,58.81,17424,20949,REVERSE
2026-05-16 09:58:52,134.7,3.83,335.4,0.65,58.82,17436,20962,FORWARD
2026-05-16 11:09:03,134.8,8.188,888.9,0.8,58.82,17512,20962,FORWARD
2026-05-16 12:09:43,134.9,9.109,966.1,0.78,58.82,17604,20962,FORWARD
2026-05-16 13:36:31,134.4,9.418,1041.2,0.82,58.87,17733,20962,FORWARD
2026-05-16 14:26:11,133.2,1.558,59.8,0.28,58.84,17778,20964,REVERSE
2026-05-16 15:31:36,133.4,2.8,159.0,0.42,58.85,17797,20965,FORWARD
2026-05-16 16:27:52,132.6,2.574,320.3,0.93,58.81,17799,20985,REVERSE
2026-05-16 17:33:52,132.6,3.303,428.2,0.97,58.84,17799,21017,REVERSE
2026-05-16 19:29:55,133.7,3.197,417.1,0.97,58.81,17799,21161,REVERSE
2026-05-16 23:33:50,134.6,2.963,385.9,0.96,58.85,17799,21347,REVERSE
2026-05-17 01:59:50,134.9,4.94,660.0,0.98,58.85,17799,21469,REVERSE
2026-05-17 03:56:46,135.1,3.715,476.5,0.94,58.79,17799,21580,REVERSE
2026-05-17 05:12:00,135.4,3.405,435.0,0.94,58.82,17799,21636,REVERSE
2026-05-17 06:08:16,135.8,4.24,568.8,0.98,58.81,17799,21683,REVERSE
2026-05-17 08:00:41,135.6,1.776,40.2,0.16,58.85,17803,21743,FORWARD
2026-05-17 09:31:28,135.9,3.781,365.0,0.71,58.84,17834,21743,FORWARD
2026-05-17 10:36:40,136.0,9.396,1065.4,0.83,58.81,17929,21743,FORWARD
2026-05-17 11:39:47,134.9,3.652,316.9,0.64,58.85,18019,21743,FORWARD
2026-05-17 12:44:02,131.0,21.652,2679.2,0.94,58.82,18030,21893,REVERSE
2026-05-17 14:04:53,130.5,22.899,2717.3,0.9,58.84,18030,22124,REVERSE
2026-05-17 15:10:39,132.9,1.039,39.2,0.28,58.82,18030,22307,REVERSE
2026-05-17 16:11:00,133.0,1.061,34.6,0.24,58.82,18043,22308,REVERSE
2026-05-17 17:14:17,132.9,3.092,392.4,0.95,58.81,18043,22374,REVERSE
2026-05-17 18:13:46,132.4,2.512,325.5,0.97,58.82,18043,22405,REVERSE
2026-05-17 22:45:58,134.0,3.206,315.5,0.73,58.81,18043,22834,REVERSE
2026-05-18 02:45:15,135.0,1.836,139.3,0.56,58.85,18043,22895,REVERSE
2026-05-18 06:32:20,134.4,2.574,339.1,0.97,58.81,18043,23037,REVERSE
2026-05-18 10:06:02,132.1,2.987,250.9,0.63,58.79,18165,23079,FORWARD
2026-05-18 10:33:13,132.2,3.544,347.6,0.74,58.81,18198,23079,FORWARD
2026-05-18 12:14:38,132.6,11.899,1353.8,0.85,58.82,18373,23079,FORWARD
2026-05-18 14:05:10,131.0,1.824,125.2,0.52,58.84,18495,23079,FORWARD
2026-05-18 15:41:22,131.6,1.74,115.3,0.5,58.87,18538,23079,FORWARD
2026-05-18 17:02:36,131.1,6.363,800.2,0.95,58.84,18541,23156,REVERSE
2026-05-18 19:25:58,132.3,4.795,627.9,0.98,58.79,18541,23303,REVERSE
2026-05-18 23:49:10,133.9,2.465,302.8,0.91,58.85,18541,23536,REVERSE
2026-05-19 03:44:04,135.4,3.386,429.6,0.93,58.81,18541,23727,REVERSE
2026-05-19 06:39:49,134.1,2.522,330.2,0.97,58.81,18541,23847,REVERSE
2026-05-19 09:00:51,132.8,1.086,28.4,0.19,58.84,18541,23961,REVERSE
2026-05-19 09:27:18,133.0,1.306,16.6,0.09,58.79,18541,23963,FORWARD
2026-05-19 10:03:17,133.0,2.729,257.0,0.7,58.79,18545,23963,FORWARD
2026-05-19 12:17:56,132.9,3.417,333.5,0.73,58.79,18593,23963,FORWARD
2026-05-19 14:08:34,132.7,2.013,212.5,0.79,58.79,18633,23969,REVERSE
2026-05-19 15:48:56,132.5,1.994,147.1,0.55,58.84,18664,24004,REVERSE
2026-05-19 17:02:39,132.5,2.485,306.7,0.93,58.81,18665,24033,REVERSE
2026-05-19 19:27:10,134.0,9.019,1167.4,0.96,58.87,18665,24216,REVERSE
2026-05-19 23:50:19,134.0,4.343,574.0,0.98,58.79,18665,24591,REVERSE
2026-05-20 03:35:35,135.1,2.59,327.1,0.93,58.79,18665,24721,REVERSE
2026-05-20 06:10:37,135.2,1.724,140.5,0.6,58.79,18665,24809,REVERSE
2026-05-20 10:00:31,134.3,8.698,974.5,0.83,58.82,18766,24856,FORWARD
2026-05-20 12:28:08,133.5,6.685,715.2,0.8,58.81,18915,24856,FORWARD
2026-05-20 14:38:23,132.8,1.261,49.8,0.29,58.81,19007,24858,REVERSE
2026-05-20 16:15:14,133.4,1.362,9.8,0.05,58.79,19022,24863,REVERSE
2026-05-20 17:42:12,133.8,1.307,109.0,0.62,58.78,19022,24876,REVERSE
2026-05-20 21:45:42,135.5,2.145,189.2,0.65,58.81,19022,25068,REVERSE
2026-05-21 01:54:38,135.8,1.817,140.2,0.56,58.78,19022,25140,REVERSE
2026-05-21 05:26:48,135.7,2.751,353.8,0.94,58.84,19022,25227,REVERSE
2026-05-21 08:25:39,134.5,1.989,117.0,0.43,58.79,19027,25285,FORWARD
2026-05-21 11:19:48,134.2,9.292,1033.7,0.82,58.79,19130,25287,FORWARD
2026-05-21 13:22:59,133.3,9.093,1022.9,0.84,58.87,19338,25287,FORWARD
2026-05-21 15:16:33,132.7,2.327,192.9,0.62,58.82,19437,25287,FORWARD
2026-05-21 16:45:22,133.3,2.301,191.9,0.62,58.81,19487,25287,FORWARD
2026-05-21 18:02:55,133.7,1.36,21.7,0.11,58.84,19517,25288,REVERSE
2026-05-21 22:39:00,135.0,1.932,173.7,0.66,58.81,19521,25347,REVERSE
2026-05-22 02:02:30,135.6,1.85,142.3,0.56,58.81,19521,25398,REVERSE
2026-05-22 05:20:57,136.1,1.841,141.4,0.56,58.82,19521,25445,REVERSE
2026-05-22 07:59:00,134.9,2.776,228.4,0.6,58.79,19528,25463,FORWARD
2026-05-22 10:32:49,133.8,9.349,1046.3,0.83,58.81,19702,25463,FORWARD
2026-05-22 12:21:08,133.1,11.152,1270.7,0.85,58.85,19915,25463,FORWARD
2026-05-22 14:24:21,132.3,10.56,1213.3,0.86,58.85,20173,25463,FORWARD
2026-05-22 15:46:23,131.7,1.551,58.5,0.28,58.87,20298,25463,FORWARD
2026-05-22 16:59:53,131.5,1.903,194.5,0.77,58.87,20299,25472,REVERSE
2026-05-22 18:14:32,131.5,4.588,560.0,0.92,58.82,20299,25522,REVERSE
2026-05-22 22:11:52,133.5,1.696,146.1,0.64,58.85,20299,25786,REVERSE
2026-05-23 01:09:58,134.7,1.919,172.9,0.66,58.79,20299,25828,REVERSE
2026-05-23 03:15:35,135.1,1.929,173.3,0.66,58.84,20299,25865,REVERSE
2026-05-23 04:46:18,134.9,1.829,216.2,0.87,58.79,20299,25893,REVERSE
2026-05-23 06:00:35,134.8,4.713,629.8,0.99,58.82,20299,25936,REVERSE
2026-05-23 08:05:50,134.4,1.921,241.9,0.93,58.78,20299,26009,REVERSE
2026-05-23 09:34:39,134.0,1.129,8.5,0.05,58.79,20300,26028,FORWARD
2026-05-23 10:38:34,134.7,7.957,892.1,0.83,58.79,20333,26035,FORWARD
2026-05-23 11:43:36,132.6,1.646,11.5,0.05,58.84,20375,26037,FORWARD
2026-05-23 13:10:52,133.3,4.621,484.1,0.78,58.82,20501,26038,FORWARD
2026-05-23 14:13:01,133.3,1.6,169.8,0.79,58.82,20554,26042,FORWARD
2026-05-23 15:10:30,134.1,9.458,1057.5,0.83,58.82,20628,26047,FORWARD
2026-05-23 16:10:43,133.2,3.146,305.9,0.72,58.88,20697,26047,FORWARD
2026-05-23 17:14:14,132.9,1.457,73.6,0.38,58.81,20751,26047,FORWARD
2026-05-23 18:15:02,132.4,5.546,715.0,0.97,58.87,20764,26072,REVERSE
2026-05-23 22:42:36,134.6,4.114,538.9,0.97,58.81,20764,26517,REVERSE
2026-05-24 01:49:20,135.1,2.569,333.5,0.96,58.81,20764,26641,REVERSE
2026-05-24 03:55:10,134.9,2.486,319.9,0.95,58.79,20764,26709,REVERSE
2026-05-24 05:17:58,135.3,2.518,325.6,0.95,58.79,20764,26755,REVERSE
2026-05-24 06:13:59,135.8,2.246,297.2,0.97,58.82,20764,26785,REVERSE
2026-05-24 08:04:40,135.1,5.0,642.8,0.95,58.87,20765,26814,REVERSE
2026-05-24 09:37:30,134.8,1.451,29.2,0.14,58.81,20784,26842,FORWARD
2026-05-24 10:41:49,134.7,4.246,443.6,0.77,58.87,20824,26844,FORWARD
2026-05-24 11:58:35,133.5,4.918,628.5,0.95,58.81,20889,26873,REVERSE
2026-05-24 13:27:06,133.3,2.588,136.4,0.39,58.84,20934,26888,FORWARD
2026-05-24 14:34:04,132.8,2.088,149.0,0.53,58.82,20968,26897,FORWARD
2026-05-24 15:36:40,132.0,4.625,579.1,0.94,58.82,20984,26927,REVERSE
2026-05-24 16:39:00,133.2,3.666,453.3,0.92,58.85,20988,26961,REVERSE
2026-05-24 17:43:36,133.1,4.502,566.1,0.94,58.79,20988,27029,REVERSE
2026-05-24 21:54:06,134.4,4.329,577.6,0.99,58.82,20988,27223,REVERSE
2026-05-25 02:22:11,135.3,3.005,375.3,0.92,58.85,20988,27400,REVERSE
2026-05-25 06:06:20,135.7,2.919,373.1,0.94,58.79,20988,27539,REVERSE
2026-05-25 09:31:05,133.7,7.492,825.6,0.82,58.84,21057,27594,FORWARD
2026-05-25 11:21:43,131.4,4.676,483.3,0.78,58.79,21224,27594,FORWARD
2026-05-25 13:06:48,132.3,5.39,571.8,0.8,58.81,21358,27594,FORWARD
2026-05-25 14:45:52,132.4,8.348,914.4,0.82,58.79,21503,27594,FORWARD
2026-05-25 16:09:14,132.2,6.099,662.0,0.82,58.85,21615,27594,FORWARD
2026-05-25 17:34:57,132.4,2.034,117.2,0.43,58.82,21667,27594,FORWARD
2026-05-25 19:28:55,133.7,1.08,95.0,0.65,58.84,21672,27600,REVERSE
2026-05-25 23:49:38,133.8,9.147,1184.7,0.96,58.79,21672,28017,REVERSE
2026-05-26 03:57:57,135.3,3.116,389.6,0.92,58.82,21672,28269,REVERSE
2026-05-26 10:43:48,133.1,4.648,469.0,0.75,58.82,21714,28390,FORWARD
2026-05-26 13:21:45,133.1,5.924,625.2,0.79,58.87,21825,28390,FORWARD
2026-05-26 15:18:00,132.0,5.393,536.0,0.75,58.84,21968,28390,FORWARD
2026-05-26 16:43:35,131.7,3.904,508.7,0.98,58.85,22012,28400,REVERSE
2026-05-26 18:05:23,133.4,1.803,219.2,0.91,58.84,22012,28445,REVERSE
2026-05-26 22:52:20,134.2,3.457,450.5,0.97,58.81,22012,28633,REVERSE
2026-05-27 02:38:55,135.1,2.688,343.0,0.94,58.82,22012,28776,REVERSE
2026-05-27 10:05:26,134.3,8.103,891.7,0.81,58.85,22087,28964,FORWARD
2026-05-27 12:36:06,132.9,4.111,396.4,0.72,58.84,22290,28964,FORWARD
2026-05-27 14:53:26,132.8,9.741,1075.8,0.83,58.81,22531,28964,FORWARD
2026-05-27 16:41:48,132.6,5.557,595.1,0.8,58.82,22683,28964,FORWARD
2026-05-27 18:00:38,132.5,1.743,112.0,0.48,58.82,22731,28964,FORWARD
2026-05-27 22:44:47,133.6,7.101,938.2,0.98,58.82,22734,29124,REVERSE
2026-05-28 02:42:47,135.2,3.203,428.2,0.98,58.81,22734,29391,REVERSE
2026-05-28 06:27:34,135.2,2.057,263.9,0.94,58.85,22734,29533,REVERSE
2026-05-28 10:41:42,133.7,6.046,609.3,0.75,58.84,22735,29641,FORWARD
2026-05-28 13:35:35,132.3,6.649,708.7,0.8,58.87,22896,29643,FORWARD
2026-05-28 15:34:05,133.1,8.695,961.1,0.83,58.87,23068,29643,FORWARD
2026-05-28 17:00:34,131.6,2.188,106.3,0.36,58.82,23168,29643,FORWARD
2026-05-28 19:29:11,133.5,1.297,107.3,0.61,58.84,23193,29652,REVERSE
2026-05-28 23:56:23,134.2,3.273,415.8,0.94,58.87,23193,29862,REVERSE
2026-05-29 03:58:27,134.9,2.799,360.1,0.95,58.82,23193,30014,REVERSE
2026-05-29 06:51:00,134.9,2.028,256.3,0.93,58.84,23193,30109,REVERSE
2026-05-29 10:42:22,132.4,4.285,434.5,0.76,58.82,23246,30147,FORWARD
2026-05-29 13:32:03,132.2,11.145,1254.9,0.85,58.82,23510,30147,FORWARD
2026-05-29 15:24:58,131.7,2.46,194.3,0.59,58.88,23618,30147,FORWARD
2026-05-29 16:56:38,130.8,2.465,302.7,0.93,58.88,23627,30157,REVERSE
2026-05-29 18:12:02,131.4,6.403,787.9,0.93,58.84,23647,30175,REVERSE
2026-05-29 22:29:41,133.4,1.547,121.7,0.58,58.81,23647,30247,REVERSE
2026-05-30 01:30:48,134.4,3.638,483.5,0.98,58.84,23647,30360,REVERSE
2026-05-30 03:32:35,134.7,2.908,377.2,0.96,58.85,23647,30451,REVERSE
2026-05-30 05:04:51,134.7,2.9,376.1,0.96,58.84,23647,30509,REVERSE
2026-05-30 06:18:00,135.3,2.411,318.1,0.97,58.84,23647,30553,REVERSE
2026-05-30 08:10:44,134.1,2.168,112.7,0.38,58.87,23648,30592,FORWARD
2026-05-30 09:40:08,133.8,5.053,515.8,0.76,58.87,23706,30592,FORWARD
2026-05-30 10:43:33,133.7,10.883,1240.9,0.85,58.82,23807,30592,FORWARD
2026-05-30 12:02:35,134.0,11.548,1315.0,0.84,58.85,23972,30592,FORWARD
2026-05-30 13:44:14,133.3,12.633,1452.9,0.86,58.87,24178,30592,FORWARD
2026-05-30 14:58:47,133.4,9.613,1086.8,0.84,58.82,24322,30592,FORWARD
2026-05-30 16:08:09,132.4,5.472,585.2,0.8,58.85,24425,30592,FORWARD
2026-05-30 17:17:59,132.1,4.464,470.6,0.79,58.88,24475,30592,FORWARD
2026-05-30 19:33:04,131.9,7.324,931.0,0.96,58.87,24494,30627,REVERSE
2026-05-31 00:01:45,133.4,3.919,519.9,0.99,58.82,24494,30881,REVERSE
2026-05-31 03:26:11,134.5,2.897,374.4,0.96,58.82,24494,31021,REVERSE
2026-05-31 05:19:20,135.1,2.932,381.4,0.96,58.82,24494,31093,REVERSE
2026-05-31 06:52:47,135.2,2.066,261.5,0.94,58.85,24494,31143,REVERSE
2026-05-31 08:45:26,134.9,1.994,153.3,0.56,58.82,24501,31159,FORWARD
2026-05-31 10:09:22,135.9,10.437,1171.3,0.82,58.82,24554,31159,FORWARD
2026-05-31 11:33:13,135.2,12.708,1464.5,0.85,58.85,24701,31159,FORWARD
2026-05-31 12:49:04,133.2,6.222,677.8,0.81,58.84,24818,31159,FORWARD
2026-05-31 14:09:03,132.8,7.737,857.4,0.83,58.87,24941,31159,FORWARD
2026-05-31 15:17:30,132.7,6.729,823.2,0.92,58.85,24996,31187,REVERSE
2026-05-31 16:29:51,131.4,8.116,977.8,0.91,58.85,24996,31281,REVERSE
2026-05-31 17:42:11,132.1,2.383,206.8,0.65,58.87,25000,31366,FORWARD
2026-05-31 22:08:34,132.2,5.483,713.4,0.98,58.82,25009,31437,REVERSE
2026-06-01 03:37:53,134.6,4.76,634.0,0.98,58.82,25009,31779,REVERSE
2026-06-01 09:42:47,132.2,4.448,457.4,0.77,58.82,25082,32032,FORWARD
2026-06-01 14:17:41,130.2,4.123,417.7,0.77,58.81,25401,32032,FORWARD
2026-06-01 16:39:02,130.9,3.176,302.7,0.72,58.85,25573,32032,FORWARD
2026-06-01 17:58:00,130.4,12.749,1548.7,0.93,58.81,25604,32144,REVERSE
2026-06-01 22:49:25,133.8,4.54,598.0,0.98,58.85,25604,32596,REVERSE
2026-06-02 03:07:15,134.3,4.169,554.7,0.99,58.81,25604,32927,REVERSE
2026-06-02 06:53:13,134.7,1.296,56.3,0.32,58.82,25604,33039,REVERSE
2026-06-02 11:24:16,132.2,5.489,579.2,0.79,58.85,25719,33061,FORWARD
2026-06-02 14:29:12,130.5,7.829,854.8,0.83,58.85,25919,33082,FORWARD
2026-06-02 16:38:23,130.9,3.717,339.5,0.69,58.87,26103,33082,FORWARD
2026-06-02 18:16:34,132.3,1.002,56.9,0.42,58.84,26107,33092,REVERSE
2026-06-02 23:21:04,134.4,1.876,153.2,0.6,58.84,26107,33167,REVERSE
2026-06-03 04:24:53,135.3,2.894,376.8,0.96,58.81,26107,33343,REVERSE
2026-06-03 09:20:44,132.9,4.102,410.1,0.75,58.84,26168,33446,FORWARD
2026-06-03 13:35:55,130.8,2.284,165.9,0.55,58.82,26450,33446,FORWARD
2026-06-03 16:15:26,131.1,3.975,378.4,0.72,58.85,26603,33446,FORWARD
2026-06-03 18:07:08,132.6,2.117,28.4,0.1,58.84,26641,33446,FORWARD
2026-06-03 23:13:02,134.5,2.284,220.1,0.71,58.79,26642,33642,REVERSE
2026-06-04 03:05:05,135.7,1.777,142.3,0.59,58.81,26642,33710,REVERSE
2026-06-04 06:23:08,135.6,1.237,92.8,0.55,58.78,26642,33756,REVERSE
2026-06-04 10:04:15,134.6,9.869,1131.5,0.85,58.82,26787,33762,FORWARD
2026-06-04 12:32:09,132.4,5.287,558.4,0.79,58.84,26971,33762,FORWARD
2026-06-04 14:37:53,131.9,1.101,4.6,0.03,58.84,27018,33762,FORWARD
2026-06-04 16:11:05,132.9,1.484,83.4,0.42,58.81,27018,33762,FORWARD
2026-06-04 17:40:31,134.2,3.545,328.0,0.68,58.85,27024,33803,FORWARD
2026-06-04 21:50:44,135.5,4.497,601.2,0.98,58.84,27031,33964,REVERSE
2026-06-05 02:08:00,135.9,3.13,418.5,0.98,58.78,27031,34175,REVERSE
2026-06-05 05:38:13,135.8,2.937,389.9,0.97,58.79,27031,34321,REVERSE
2026-06-05 08:09:30,134.7,2.209,184.1,0.61,58.78,27040,34372,FORWARD
2026-06-05 10:43:38,133.9,8.443,957.0,0.84,58.81,27179,34372,FORWARD
2026-06-05 12:57:54,132.5,2.995,287.1,0.72,58.84,27374,34372,FORWARD
2026-06-05 14:50:48,133.4,11.048,1272.9,0.86,58.87,27519,34372,FORWARD
2026-06-05 16:15:14,132.7,2.585,336.4,0.97,58.84,27573,34384,REVERSE
2026-06-05 17:40:55,134.2,1.945,249.9,0.95,58.81,27573,34412,REVERSE
2026-06-05 21:33:31,134.9,1.514,123.8,0.6,58.81,27573,34487,REVERSE
2026-06-06 00:43:54,135.4,4.957,658.9,0.98,58.81,27573,34568,REVERSE
2026-06-06 03:26:11,135.9,2.503,327.4,0.96,58.81,27573,34676,REVERSE
2026-06-06 05:08:43,136.3,2.474,324.0,0.96,58.84,27573,34732,REVERSE
2026-06-06 06:46:51,136.3,1.982,259.3,0.95,58.81,27573,34780,REVERSE
2026-06-06 08:41:53,135.6,1.291,28.6,0.16,58.79,27578,34794,FORWARD
2026-06-06 10:06:12,135.8,6.868,750.7,0.8,58.81,27626,34794,FORWARD
2026-06-06 11:36:48,135.4,8.234,914.7,0.82,58.84,27691,34837,FORWARD
2026-06-06 12:51:27,134.4,3.562,334.5,0.69,58.81,27784,34837,FORWARD
2026-06-06 14:09:14,134.0,1.298,80.1,0.46,58.84,27823,34839,REVERSE
2026-06-06 15:31:42,134.1,3.248,324.4,0.74,58.84,27831,34848,FORWARD
2026-06-06 16:41:48,134.4,3.778,495.7,0.97,58.85,27856,34853,REVERSE
2026-06-06 18:04:35,134.5,1.153,24.0,0.15,58.87,27858,34877,FORWARD
2026-06-06 22:59:24,135.4,2.725,359.9,0.97,58.84,27859,35131,REVERSE
2026-06-07 02:27:57,136.0,2.67,353.0,0.97,58.81,27859,35259,REVERSE
2026-06-07 04:55:22,136.5,2.725,354.2,0.95,58.84,27859,35347,REVERSE
2026-06-07 06:21:38,135.9,2.052,264.1,0.94,58.81,27859,35395,REVERSE
2026-06-07 08:31:54,136.1,3.154,315.8,0.73,58.79,27865,35461,FORWARD
2026-06-07 09:57:01,135.3,2.966,290.3,0.72,58.81,27901,35461,FORWARD
2026-06-07 11:23:48,136.5,6.543,758.9,0.84,58.85,27956,35468,FORWARD
2026-06-07 12:53:06,135.3,5.16,565.4,0.8,58.88,28076,35468,FORWARD
2026-06-07 14:12:45,133.6,9.17,1126.5,0.91,58.85,28089,35604,REVERSE
2026-06-07 15:39:16,134.3,6.592,845.4,0.95,58.82,28089,35744,REVERSE
2026-06-07 16:45:53,134.5,2.048,164.9,0.59,58.82,28110,35773,FORWARD
2026-06-07 18:09:24,134.4,1.527,92.4,0.45,58.85,28129,35773,FORWARD
2026-06-07 23:04:56,134.1,5.986,791.9,0.98,58.84,28131,35972,REVERSE
2026-06-08 03:57:50,136.0,3.713,472.5,0.92,58.82,28131,36225,REVERSE
2026-06-08 08:16:01,133.9,1.532,46.9,0.22,58.85,28133,36395,FORWARD
2026-06-08 11:31:10,133.5,3.039,296.3,0.72,58.84,28242,36396,FORWARD
2026-06-08 13:50:02,133.5,2.927,279.2,0.71,58.82,28350,36396,FORWARD
2026-06-08 15:50:38,133.1,3.071,295.8,0.72,58.82,28373,36396,FORWARD
2026-06-08 17:12:29,133.1,3.071,295.8,0.72,58.82,28373,36396,FORWARD
2026-06-08 18:17:14,133.1,3.071,295.8,0.72,58.82,28373,36396,FORWARD
2026-06-08 22:40:25,133.1,3.071,295.8,0.72,58.82,28373,36396,FORWARD
2026-06-09 02:22:44,133.1,3.071,295.8,0.72,58.82,28373,36396,FORWARD
2026-06-09 05:43:12,133.1,3.071,295.8,0.72,58.82,28373,36396,FORWARD
2026-06-09 08:52:36,133.1,3.071,295.8,0.72,58.82,28373,36396,FORWARD
2026-06-09 11:24:44,133.1,3.071,295.8,0.72,58.82,28373,36396,FORWARD
2026-06-09 13:37:21,133.1,3.071,295.8,0.72,58.82,28373,36396,FORWARD
2026-06-09 15:23:39,133.1,3.071,295.8,0.72,58.82,28373,36396,FORWARD
2026-06-09 17:04:05,133.1,3.071,295.8,0.72,58.82,28373,36396,FORWARD
2026-06-09 19:34:03,133.1,3.071,295.8,0.72,58.82,28373,36396,FORWARD
2026-06-10 00:05:47,133.1,3.071,295.8,0.72,58.82,28373,36396,FORWARD
2026-06-10 04:36:19,133.1,3.071,295.8,0.72,58.82,28373,36396,FORWARD
2026-06-10 07:58:22,133.1,3.071,295.8,0.72,58.82,28373,36396,FORWARD
2026-06-10 11:27:24,133.1,3.071,295.8,0.72,58.82,28373,36396,FORWARD
2026-06-10 13:56:33,133.1,3.071,295.8,0.72,58.82,28373,36396,FORWARD
2026-06-10 16:05:39,133.1,3.071,295.8,0.72,58.82,28373,36396,FORWARD
2026-06-10 17:51:34,133.1,3.071,295.8,0.72,58.82,28373,36396,FORWARD
2026-06-10 22:01:37,133.1,3.071,295.8,0.72,58.82,28373,36396,FORWARD
2026-06-11 02:56:21,133.1,3.071,295.8,0.72,58.82,28373,36396,FORWARD
2026-06-11 06:48:49,133.1,3.071,295.8,0.72,58.82,28373,36396,FORWARD
2026-06-11 10:55:39,133.1,3.071,295.8,0.72,58.82,28373,36396,FORWARD
2026-06-11 13:36:21,133.1,3.071,295.8,0.72,58.82,28373,36396,FORWARD
2026-06-11 15:37:28,133.1,3.071,295.8,0.72,58.82,28373,36396,FORWARD
2026-06-11 17:10:02,133.1,3.071,295.8,0.72,58.82,28373,36396,FORWARD
2026-06-11 19:41:29,133.1,3.071,295.8,0.72,58.82,28373,36396,FORWARD
2026-06-12 00:42:53,133.1,3.071,295.8,0.72,58.82,28373,36396,FORWARD
2026-06-12 05:02:05,133.1,3.071,295.8,0.72,58.82,28373,36396,FORWARD
2026-06-12 08:17:31,133.1,3.071,295.8,0.72,58.82,28373,36396,FORWARD
2026-06-12 11:18:27,133.1,3.071,295.8,0.72,58.82,28373,36396,FORWARD
2026-06-12 13:26:10,133.1,3.071,295.8,0.72,58.82,28373,36396,FORWARD
2026-06-12 15:19:05,133.1,3.071,295.8,0.72,58.82,28373,36396,FORWARD
2026-06-12 16:51:43,133.1,3.071,295.8,0.72,58.82,28373,36396,FORWARD
2026-06-12 18:20:29,133.1,3.071,295.8,0.72,58.82,28373,36396,FORWARD
2026-06-12 22:56:13,133.1,3.071,295.8,0.72,58.82,28373,36396,FORWARD
2026-06-13 02:22:34,133.1,3.071,295.8,0.72,58.82,28373,36396,FORWARD
2026-06-13 05:00:43,133.1,3.071,295.8,0.72,58.82,28373,36396,FORWARD
2026-06-13 06:59:35,133.1,3.071,295.8,0.72,58.82,28373,36396,FORWARD
2026-06-13 09:05:06,133.1,3.071,295.8,0.72,58.82,28373,36396,FORWARD
2026-06-13 10:51:31,133.1,3.071,295.8,0.72,58.82,28373,36396,FORWARD
2026-06-13 12:08:12,133.1,3.071,295.8,0.72,58.82,28373,36396,FORWARD
2026-06-13 13:56:28,133.1,3.071,295.8,0.72,58.82,28373,36396,FORWARD
2026-06-13 15:20:08,133.1,3.071,295.8,0.72,58.82,28373,36396,FORWARD
2026-06-13 16:34:15,133.1,3.071,295.8,0.72,58.82,28373,36396,FORWARD
2026-06-13 17:44:32,133.1,3.071,295.8,0.72,58.82,28373,36396,FORWARD
2026-06-13 22:08:28,133.1,3.071,295.8,0.72,58.82,28373,36396,FORWARD
2026-06-14 02:29:00,133.1,3.071,295.8,0.72,58.82,28373,36396,FORWARD
2026-06-14 05:16:14,133.1,3.071,295.8,0.72,58.82,28373,36396,FORWARD
2026-06-14 07:08:49,133.1,3.071,295.8,0.72,58.82,28373,36396,FORWARD
2026-06-14 09:20:54,133.1,3.071,295.8,0.72,58.82,28373,36396,FORWARD
2026-06-14 11:01:13,133.1,3.071,295.8,0.72,58.82,28373,36396,FORWARD
2026-06-14 12:47:28,133.1,3.071,295.8,0.72,58.82,28373,36396,FORWARD
2026-06-14 14:18:19,133.1,3.071,295.8,0.72,58.82,28373,36396,FORWARD
2026-06-14 15:45:39,133.1,3.071,295.8,0.72,58.82,28373,36396,FORWARD
2026-06-14 17:10:03,133.1,3.071,295.8,0.72,58.82,28373,36396,FORWARD
2026-06-14 19:42:20,133.1,3.071,295.8,0.72,58.82,28373,36396,FORWARD
2026-06-15 01:21:54,135.2,5.224,699.0,0.98,58.84,31874,41486,REVERSE
2026-06-15 07:37:02,133.9,3.038,399.3,0.98,58.84,31874,41820,REVERSE
2026-06-15 12:14:45,133.1,1.941,120.2,0.46,58.87,31987,41859,FORWARD
2026-06-15 15:26:30,134.5,1.229,77.1,0.46,58.81,32011,41864,REVERSE
2026-06-15 17:23:32,134.8,1.778,91.7,0.38,58.82,32020,41867,FORWARD
2026-06-15 20:12:09,135.3,2.812,282.3,0.74,58.81,32026,41891,REVERSE
2026-06-16 01:46:09,136.0,3.869,517.6,0.98,58.84,32026,42247,REVERSE
2026-06-16 06:54:09,135.5,1.641,73.6,0.33,58.87,32026,42441,REVERSE
2026-06-16 12:04:58,134.5,6.232,687.7,0.81,58.87,32206,42525,FORWARD
2026-06-16 15:22:29,133.0,1.104,6.4,0.04,58.85,32331,42525,FORWARD
2026-06-16 17:07:57,133.6,3.985,521.1,0.97,58.82,32335,42565,REVERSE
2026-06-16 19:44:16,135.7,1.075,96.8,0.66,58.84,32335,42692,REVERSE
2026-06-17 01:11:09,136.7,3.592,453.0,0.92,58.85,32335,43024,REVERSE
2026-06-17 05:58:37,136.3,3.416,439.8,0.94,58.82,32335,43232,REVERSE
2026-06-17 09:56:44,134.2,3.031,229.8,0.56,58.84,32363,43346,FORWARD
2026-06-17 12:24:27,131.7,3.76,477.5,0.94,58.87,32452,43349,REVERSE
2026-06-17 14:37:59,130.6,10.146,1125.5,0.84,58.9,32479,43537,FORWARD
2026-06-17 16:25:42,129.8,4.586,450.0,0.75,58.87,32602,43537,FORWARD
2026-06-17 18:02:28,130.0,7.153,874.2,0.93,58.87,32658,43544,REVERSE
2026-06-17 23:09:05,133.7,1.736,135.3,0.58,58.88,32659,43620,REVERSE
2026-06-18 03:51:49,136.2,4.462,599.9,0.98,58.82,32659,43901,REVERSE
2026-06-18 06:53:04,135.9,3.816,504.3,0.97,58.84,32659,44069,REVERSE
2026-06-18 10:33:16,132.3,9.014,992.9,0.83,58.84,32817,44130,FORWARD
2026-06-18 13:05:38,131.2,11.038,1224.4,0.84,58.85,33111,44130,FORWARD
2026-06-18 15:31:34,130.5,1.473,101.3,0.52,58.88,33264,44135,REVERSE
2026-06-18 17:23:13,130.5,1.641,53.2,0.24,58.88,33298,44206,FORWARD
2026-06-18 20:21:11,132.1,5.813,759.9,0.98,58.87,33301,44409,REVERSE
2026-06-19 02:18:32,134.3,5.884,779.0,0.98,58.85,33301,44876,REVERSE
2026-06-19 06:27:31,135.1,5.203,682.8,0.97,58.87,33301,45191,REVERSE
2026-06-19 09:52:04,131.6,3.803,363.3,0.72,58.88,33354,45348,FORWARD
2026-06-19 11:58:21,129.9,3.682,345.3,0.72,58.9,33490,45348,FORWARD
2026-06-19 13:58:54,131.8,10.781,1201.8,0.84,58.92,33702,45348,FORWARD
2026-06-19 15:16:03,133.1,5.227,679.1,0.97,58.88,33752,45368,REVERSE
2026-06-19 16:15:28,135.0,3.632,482.3,0.98,58.82,33752,45421,REVERSE
2026-06-19 17:17:49,134.7,4.168,549.8,0.97,58.85,33752,45471,REVERSE
2026-06-19 19:33:27,135.3,3.87,509.9,0.97,58.82,33752,45588,REVERSE
2026-06-20 00:01:59,136.0,4.199,559.2,0.97,58.82,33752,45803,REVERSE
2026-06-20 03:45:12,136.3,4.47,600.4,0.98,58.81,33752,46028,REVERSE
2026-06-20 05:55:55,136.8,4.529,608.0,0.98,58.79,33752,46154,REVERSE
2026-06-20 08:08:04,136.4,2.0,219.7,0.8,58.82,33752,46261,REVERSE
2026-06-20 09:56:15,135.6,2.54,303.8,0.88,58.82,33757,46303,REVERSE
2026-06-20 11:28:12,135.2,5.796,712.4,0.9,58.82,33767,46398,REVERSE
2026-06-20 12:58:35,135.6,2.837,280.0,0.72,58.79,33771,46526,FORWARD
2026-06-20 14:21:59,135.3,2.195,187.5,0.63,58.82,33794,46555,FORWARD
2026-06-20 15:51:27,134.7,4.132,543.1,0.97,58.85,33843,46573,REVERSE
2026-06-20 17:09:28,135.1,2.3,202.9,0.65,58.85,33865,46584,FORWARD
2026-06-20 19:42:18,135.0,1.049,94.3,0.66,58.82,33904,46590,REVERSE
2026-06-21 00:52:21,137.2,2.797,374.2,0.97,58.82,33904,46886,REVERSE
2026-06-21 04:29:49,137.2,4.175,565.0,0.98,58.85,33904,47069,REVERSE
2026-06-21 06:28:09,137.2,4.169,569.4,0.99,58.85,33904,47181,REVERSE
2026-06-21 09:01:06,136.9,7.821,1036.4,0.96,58.84,33904,47312,REVERSE
2026-06-21 10:56:00,135.8,7.632,960.1,0.92,58.84,33904,47475,REVERSE
2026-06-21 12:20:00,135.5,3.779,466.5,0.91,58.85,33904,47619,REVERSE
2026-06-21 14:08:44,136.6,6.934,786.6,0.83,58.85,34086,47624,FORWARD
2026-06-21 15:45:38,136.2,9.23,1052.7,0.83,58.88,34218,47624,FORWARD
2026-06-21 17:13:48,135.1,1.458,73.1,0.37,58.88,34313,47624,FORWARD
2026-06-21 19:42:53,135.6,1.448,168.4,0.85,58.87,34329,47641,REVERSE
2026-06-22 01:25:20,135.8,6.418,859.5,0.98,58.87,34329,48140,REVERSE
2026-06-22 07:15:44,134.8,8.482,1080.7,0.94,58.81,34329,48513,REVERSE
2026-06-22 11:56:02,133.8,10.515,1203.2,0.85,58.85,34574,48660,FORWARD
2026-06-22 14:51:04,132.2,1.499,154.9,0.78,58.88,34646,48775,REVERSE
2026-06-22 16:48:00,131.3,12.367,1506.4,0.92,58.88,34646,48968,REVERSE
2026-06-22 18:06:49,133.0,3.489,451.5,0.97,58.84,34646,49045,REVERSE
2026-06-22 22:33:06,134.7,1.873,199.3,0.78,58.84,34646,49153,REVERSE
2026-06-23 02:08:46,136.7,5.272,710.8,0.98,58.82,34646,49382,REVERSE
2026-06-23 05:32:46,136.9,4.14,558.9,0.98,58.82,34646,49591,REVERSE
2026-06-23 08:03:21,134.1,11.007,1471.3,0.99,58.82,34646,49756,REVERSE
2026-06-23 10:44:22,134.5,2.222,27.1,0.09,58.87,34711,49788,REVERSE
2026-06-23 13:08:53,135.3,4.731,475.5,0.74,58.84,34860,49798,FORWARD
2026-06-23 15:09:00,133.3,2.855,230.8,0.6,58.84,34934,49807,FORWARD
2026-06-23 16:40:32,130.6,6.372,796.5,0.95,58.88,34944,49839,REVERSE
2026-06-23 17:58:03,132.1,4.832,615.6,0.96,58.85,34944,49925,REVERSE
2026-06-23 22:14:14,134.0,1.735,136.0,0.58,58.85,34944,50079,REVERSE
2026-06-24 01:54:51,135.8,5.766,766.0,0.97,58.82,34944,50265,REVERSE
2026-06-24 04:50:45,135.9,4.189,561.3,0.98,58.81,34944,50446,REVERSE
2026-06-24 07:22:56,134.8,2.376,311.0,0.97,58.84,34944,50563,REVERSE
2026-06-24 09:58:13,134.8,9.138,1044.6,0.84,58.82,34971,50649,FORWARD
2026-06-24 12:02:36,133.9,3.987,413.6,0.77,58.85,35174,50649,FORWARD
2026-06-24 14:13:51,133.2,4.478,453.5,0.75,58.87,35288,50678,FORWARD
2026-06-24 15:49:51,132.9,1.992,144.0,0.54,58.9,35342,50680,FORWARD
2026-06-24 17:03:52,132.7,4.721,587.9,0.93,58.88,35347,50689,REVERSE
2026-06-24 19:28:48,133.8,1.108,96.2,0.64,58.81,35359,50747,REVERSE
2026-06-24 23:49:57,134.5,5.897,780.2,0.98,58.84,35359,50999,REVERSE
2026-06-25 03:22:31,136.2,4.173,560.6,0.98,58.79,35359,51234,REVERSE
2026-06-25 06:04:10,135.9,4.577,589.7,0.94,58.85,35359,51371,REVERSE
2026-06-25 09:19:36,133.8,3.332,410.4,0.92,58.88,35359,51550,REVERSE
2026-06-25 11:26:55,134.3,6.824,761.9,0.83,58.82,35400,51571,FORWARD
2026-06-25 13:28:45,133.6,6.155,682.1,0.82,58.85,35512,51577,FORWARD
2026-06-25 15:16:56,133.3,9.421,1064.4,0.84,58.84,35647,51577,FORWARD
2026-06-25 16:51:36,132.8,5.522,598.1,0.81,58.9,35774,51577,FORWARD
2026-06-25 18:09:46,133.4,1.612,104.0,0.48,58.88,35818,51577,FORWARD
2026-06-25 22:43:43,134.8,1.501,122.1,0.6,58.82,35820,51619,REVERSE
2026-06-26 02:30:06,135.8,5.061,679.8,0.98,58.88,35820,51892,REVERSE
2026-06-26 05:29:45,136.5,4.381,567.5,0.94,58.87,35820,52065,REVERSE
2026-06-26 07:34:54,134.5,10.227,1253.3,0.91,58.84,35820,52189,REVERSE
2026-06-26 09:57:48,134.7,7.045,791.1,0.83,58.87,35895,52296,FORWARD
2026-06-26 11:57:02,134.1,10.233,1170.9,0.85,58.92,36098,52296,FORWARD
2026-06-26 13:57:09,133.3,10.527,1196.8,0.85,58.84,36339,52296,FORWARD
2026-06-26 15:23:31,133.3,8.489,958.7,0.84,58.87,36491,52296,FORWARD
2026-06-26 16:48:35,132.4,5.027,534.4,0.8,58.85,36598,52296,FORWARD
2026-06-26 18:07:56,133.4,1.551,92.9,0.44,58.84,36640,52296,FORWARD
2026-06-26 22:28:59,134.1,5.641,747.1,0.98,58.82,36643,52396,REVERSE
2026-06-27 01:38:19,136.0,3.752,505.6,0.99,58.79,36643,52576,REVERSE
2026-06-27 03:49:53,135.8,2.901,379.9,0.96,58.82,36643,52680,REVERSE
2026-06-27 05:27:25,136.5,2.839,372.0,0.95,58.82,36643,52743,REVERSE
2026-06-27 06:54:33,136.4,2.248,281.6,0.91,58.84,36643,52799,REVERSE
2026-06-27 08:42:12,135.6,1.813,43.1,0.17,58.82,36646,52828,FORWARD
2026-06-27 10:05:06,135.6,5.662,596.4,0.77,58.87,36687,52828,FORWARD
2026-06-27 11:33:27,135.1,1.693,126.6,0.55,58.84,36764,52837,REVERSE
2026-06-27 12:49:03,134.0,5.582,245.3,0.32,58.82,36814,52852,FORWARD
2026-06-27 14:08:21,135.8,6.732,702.0,0.76,58.84,36902,52857,FORWARD
2026-06-27 15:32:34,134.9,5.064,540.6,0.79,58.88,36978,52862,FORWARD
2026-06-27 16:40:55,134.5,5.672,627.0,0.82,58.9,37064,52862,FORWARD
2026-06-27 18:02:52,133.3,1.841,139.0,0.56,58.84,37121,52862,FORWARD
2026-06-27 22:56:10,135.2,4.085,548.2,0.99,58.79,37125,53018,REVERSE
2026-06-28 02:21:47,135.8,5.493,738.1,0.98,58.79,37125,53215,REVERSE
2026-06-28 04:53:30,136.1,4.177,563.5,0.98,58.85,37125,53388,REVERSE
2026-06-28 06:17:07,136.4,3.589,479.0,0.97,58.79,37125,53470,REVERSE
2026-06-28 08:18:48,134.8,14.965,2008.4,0.99,58.85,37125,53551,REVERSE
2026-06-28 09:44:41,136.6,2.441,122.7,0.36,58.85,37148,53569,FORWARD
2026-06-28 11:12:23,136.2,4.339,416.2,0.7,58.87,37189,53569,FORWARD
2026-06-28 12:37:50,136.1,10.604,1206.1,0.83,58.82,37234,53615,FORWARD
2026-06-28 13:58:42,135.5,10.278,1171.1,0.84,58.88,37397,53615,FORWARD
2026-06-28 15:12:17,135.2,9.816,1127.1,0.84,58.87,37531,53615,FORWARD
2026-06-28 16:18:11,134.0,6.674,733.5,0.82,58.84,37627,53615,FORWARD
2026-06-28 17:34:25,133.5,3.305,425.3,0.96,58.87,37659,53642,REVERSE
2026-06-28 19:53:23,133.6,1.557,121.6,0.58,58.84,37659,53757,REVERSE
2026-06-29 00:48:47,134.1,5.916,781.5,0.98,58.84,37659,53963,REVERSE
2026-06-29 05:59:43,135.5,5.227,701.4,0.98,58.82,37659,54047,REVERSE
2026-06-29 10:04:22,134.2,7.59,834.3,0.81,58.84,37737,54391,FORWARD
2026-06-29 12:26:42,133.2,10.966,1233.6,0.84,58.82,37992,54391,FORWARD
2026-06-29 14:30:19,133.5,10.309,1158.8,0.84,58.85,38243,54391,FORWARD
2026-06-29 15:58:06,132.1,8.579,918.0,0.8,58.88,38384,54391,FORWARD
2026-06-29 17:05:48,131.9,4.964,500.7,0.76,58.82,38449,54391,FORWARD
2026-06-29 19:27:44,133.8,1.48,115.1,0.58,58.81,38476,54396,REVERSE
2026-06-29 23:52:46,134.2,5.661,744.3,0.97,58.84,38476,54748,REVERSE
2026-06-30 03:36:43,135.6,4.242,567.1,0.98,58.79,38476,55054,REVERSE
2026-06-30 05:59:55,136.0,4.002,537.7,0.98,58.84,38476,55185,REVERSE
2026-06-30 08:37:31,134.3,5.076,545.4,0.79,58.81,38505,55277,FORWARD
2026-06-30 10:52:59,133.7,3.942,397.8,0.75,58.87,38538,55295,FORWARD
2026-06-30 12:56:14,131.2,2.886,359.2,0.94,58.81,38572,55324,REVERSE
2026-06-30 14:57:40,132.4,10.212,1150.5,0.85,58.85,38734,55331,FORWARD
2026-06-30 16:18:49,132.0,2.663,235.6,0.66,58.88,38817,55331,FORWARD
2026-06-30 17:40:30,133.5,2.667,247.5,0.69,58.85,38864,55333,FORWARD
2026-06-30 21:57:05,134.7,4.439,590.7,0.98,58.84,38867,55542,REVERSE
2026-07-01 02:17:13,135.6,5.044,677.1,0.98,58.81,38867,55839,REVERSE
2026-07-01 05:34:49,136.1,4.632,625.0,0.99,58.85,38867,56040,REVERSE
2026-07-01 07:53:42,134.9,1.682,109.1,0.48,58.81,38867,56144,FORWARD
2026-07-01 10:27:16,134.0,6.225,684.4,0.81,58.82,38952,56180,FORWARD
2026-07-01 12:29:11,134.9,12.653,1448.1,0.84,58.85,39153,56180,FORWARD
2026-07-01 14:28:27,133.4,2.905,256.0,0.66,58.87,39243,56189,FORWARD
2026-07-01 16:07:03,131.8,4.986,630.4,0.95,58.88,39249,56259,REVERSE
2026-07-01 17:47:37,132.5,3.646,457.5,0.94,58.85,39249,56339,REVERSE
2026-07-01 21:37:49,133.5,13.137,1675.9,0.95,58.85,39249,56476,REVERSE
2026-07-02 00:56:25,135.6,3.865,518.9,0.98,58.85,39249,56742,REVERSE
2026-07-02 04:11:43,135.8,3.731,500.6,0.98,58.84,39249,56902,REVERSE
2026-07-02 06:22:49,136.2,1.316,90.4,0.5,58.85,39249,56956,REVERSE
2026-07-02 08:56:56,133.8,3.031,260.5,0.64,58.85,39275,57004,FORWARD
2026-07-02 10:53:07,133.4,1.651,166.9,0.75,58.81,39350,57017,REVERSE
2026-07-02 12:25:02,133.3,4.017,389.6,0.72,58.82,39451,57034,FORWARD
2026-07-02 14:06:03,133.1,5.104,503.9,0.74,58.84,39521,57048,FORWARD
2026-07-02 15:36:40,132.9,2.703,214.7,0.59,58.85,39565,57056,FORWARD
2026-07-02 16:44:25,132.0,7.106,908.3,0.96,58.85,39572,57087,REVERSE
2026-07-02 18:05:38,132.8,9.002,1133.5,0.94,58.87,39572,57224,REVERSE
2026-07-02 22:12:50,133.9,4.687,618.7,0.98,58.82,39572,57495,REVERSE
2026-07-03 01:41:49,135.9,5.033,677.8,0.99,58.82,39572,57701,REVERSE
2026-07-03 04:35:59,136.0,4.004,538.6,0.98,58.82,39572,57877,REVERSE
2026-07-03 06:29:27,135.8,3.729,496.6,0.98,58.81,39572,57989,REVERSE
2026-07-03 08:56:38,133.9,2.389,205.6,0.64,58.88,39574,58095,FORWARD
2026-07-03 10:27:55,134.5,8.239,929.0,0.83,58.81,39657,58095,FORWARD
2026-07-03 12:00:35,133.5,10.497,1190.8,0.84,58.82,39822,58095,FORWARD
2026-07-03 13:53:42,133.7,4.256,437.2,0.76,58.84,39961,58097,FORWARD
2026-07-03 15:07:11,131.5,4.119,505.0,0.93,58.84,39996,58113,REVERSE
2026-07-03 16:27:43,130.9,3.978,507.8,0.97,58.87,40011,58132,REVERSE
2026-07-03 17:39:39,132.4,5.366,692.5,0.97,58.88,40011,58196,REVERSE
2026-07-03 19:16:25,133.1,10.805,1365.5,0.94,58.85,40011,58333,REVERSE
2026-07-03 22:56:06,134.2,10.077,1314.4,0.97,58.82,40011,58790,REVERSE
2026-07-04 01:48:31,135.4,4.542,605.8,0.98,58.81,40011,59067,REVERSE
2026-07-04 04:09:45,135.7,4.877,652.7,0.98,58.82,40011,59209,REVERSE
2026-07-04 05:47:59,136.1,4.341,581.0,0.98,58.84,40011,59303,REVERSE
2026-07-04 07:26:58,135.8,3.212,423.9,0.97,58.85,40011,59383,REVERSE
2026-07-04 08:51:25,135.6,1.766,31.7,0.13,58.87,40013,59406,FORWARD
2026-07-04 10:02:19,134.7,5.408,680.9,0.93,58.82,40018,59468,REVERSE
2026-07-04 11:31:03,135.4,9.782,1110.2,0.83,58.87,40152,59476,FORWARD
2026-07-04 12:37:17,134.4,6.263,625.6,0.74,58.84,40218,59476,FORWARD
2026-07-04 13:52:03,134.5,7.098,703.6,0.73,58.85,40310,59476,FORWARD
2026-07-04 14:58:24,133.4,2.058,162.1,0.59,58.84,40369,59477,FORWARD
2026-07-04 16:05:23,133.7,2.223,187.3,0.62,58.85,40386,59477,FORWARD
2026-07-04 17:16:42,133.6,1.939,215.1,0.82,58.84,40394,59506,REVERSE
2026-07-04 18:17:05,133.7,2.999,388.1,0.96,58.85,40394,59533,REVERSE
2026-07-04 22:35:18,134.8,4.752,631.2,0.98,58.85,40394,59801,REVERSE
2026-07-05 01:46:52,135.8,4.594,614.2,0.98,58.82,40394,60006,REVERSE
2026-07-05 04:13:01,136.4,4.388,587.1,0.98,58.85,40394,60152,REVERSE
2026-07-05 05:49:57,136.5,4.157,558.8,0.98,58.84,40394,60253,REVERSE
2026-07-05 07:39:57,136.6,1.769,231.7,0.94,58.85,40394,60342,REVERSE
2026-07-05 09:01:51,136.3,0.0,0.0,1.0,58.87,40395,60358,REVERSE
2026-07-05 10:30:03,135.4,10.181,1280.3,0.92,58.88,40404,60443,REVERSE
2026-07-05 11:42:08,135.2,9.132,1186.2,0.96,58.84,40404,60507,REVERSE
2026-07-05 13:18:26,132.8,13.373,1696.7,0.95,58.81,40404,60643,REVERSE
2026-07-05 14:33:06,135.1,11.01,1267.8,0.85,58.84,40496,60668,FORWARD
2026-07-05 15:38:31,134.7,5.907,654.9,0.82,58.85,40600,60668,FORWARD
2026-07-05 16:38:36,134.5,2.043,247.5,0.9,58.87,40647,60687,REVERSE
2026-07-05 17:44:10,132.8,19.073,2333.8,0.92,58.87,40647,60817,REVERSE
2026-07-05 21:34:52,133.9,7.066,910.3,0.96,58.82,40647,61390,REVERSE
2026-07-06 02:05:13,134.7,5.392,713.1,0.98,58.82,40647,61758,REVERSE
2026-07-06 06:15:12,135.6,3.74,489.5,0.96,58.82,40647,62010,REVERSE
2026-07-06 09:56:52,134.7,8.381,955.1,0.84,58.87,40728,62161,FORWARD
2026-07-06 12:13:47,133.5,11.753,1344.4,0.85,58.82,40935,62161,FORWARD
2026-07-06 14:17:05,133.1,10.064,1120.7,0.83,58.85,41146,62161,FORWARD
2026-07-06 15:51:10,132.5,5.754,733.6,0.96,58.85,41239,62210,REVERSE
2026-07-06 17:08:18,133.1,3.118,391.2,0.94,58.9,41244,62303,REVERSE
2026-07-06 19:11:02,132.8,17.624,2161.4,0.92,58.82,41244,62521,REVERSE
2026-07-06 23:10:21,135.0,9.121,1198.6,0.97,58.85,41244,62942,REVERSE
2026-07-07 02:46:00,135.7,5.967,781.7,0.96,58.84,41244,63268,REVERSE
2026-07-07 05:51:12,135.9,2.416,295.6,0.9,58.82,41244,63458,REVERSE
2026-07-07 08:34:17,133.7,11.877,1516.3,0.95,58.82,41251,63517,REVERSE
2026-07-07 10:57:57,134.3,2.21,113.3,0.38,58.85,41252,63705,FORWARD
2026-07-07 13:06:52,130.8,6.194,775.4,0.95,58.85,41255,63834,REVERSE
2026-07-07 14:59:30,132.2,2.283,273.7,0.9,58.85,41255,63954,REVERSE
2026-07-07 16:18:16,132.0,2.201,254.8,0.87,58.87,41261,64012,REVERSE
2026-07-07 17:26:06,132.9,3.607,462.1,0.96,58.87,41261,64052,REVERSE
2026-07-07 19:07:59,134.3,10.046,1264.4,0.93,58.87,41261,64236,REVERSE
2026-07-07 22:35:42,135.3,4.983,665.4,0.98,58.84,41261,64538,REVERSE
2026-07-08 01:12:48,135.7,3.91,524.7,0.98,58.82,41261,64674,REVERSE
2026-07-08 03:40:45,135.7,2.961,384.9,0.95,58.84,41261,64776,REVERSE
2026-07-08 05:46:37,136.0,2.927,381.9,0.95,58.84,41261,64855,REVERSE
2026-07-08 08:07:53,134.6,2.073,230.1,0.82,58.78,41261,64922,REVERSE
2026-07-08 10:12:27,134.3,5.105,533.8,0.77,58.84,41305,64973,FORWARD
2026-07-08 11:54:23,134.5,5.458,544.8,0.74,58.78,41370,64985,FORWARD
2026-07-08 13:25:34,133.9,4.959,475.4,0.71,58.81,41478,64987,FORWARD
2026-07-08 14:46:03,133.1,8.751,982.6,0.84,58.85,41579,64993,FORWARD
2026-07-08 16:06:06,132.4,3.184,407.4,0.96,58.85,41651,65010,REVERSE
2026-07-08 17:34:05,134.8,3.084,398.2,0.95,58.81,41651,65062,REVERSE
2026-07-08 19:13:18,134.8,3.776,491.5,0.96,58.85,41651,65133,REVERSE
2026-07-09 02:58:27,136.7,1.867,157.2,0.61,58.84,41651,65313,REVERSE
2026-07-09 06:08:28,136.3,1.82,149.2,0.6,58.81,41651,65361,REVERSE
2026-07-09 09:29:05,134.7,3.477,451.6,0.96,58.82,41661,65410,REVERSE
2026-07-09 11:30:55,135.0,9.43,1076.8,0.84,58.79,41834,65415,FORWARD
2026-07-09 13:11:22,134.8,11.302,1286.1,0.84,58.81,41977,65417,FORWARD
2026-07-09 14:57:52,133.2,6.447,685.6,0.79,58.85,42160,65420,FORWARD
2026-07-09 16:36:32,133.6,1.97,128.0,0.48,58.85,42197,65425,FORWARD
2026-07-09 17:49:35,134.8,1.402,13.5,0.07,58.81,42210,65427,FORWARD
2026-07-09 21:21:18,135.7,1.789,147.5,0.6,58.81,42212,65478,REVERSE
2026-07-10 01:03:09,135.7,2.963,277.4,0.69,58.82,42212,65552,REVERSE
2026-07-10 04:30:30,136.6,1.833,149.8,0.59,58.79,42212,65616,REVERSE
2026-07-10 06:56:15,136.7,1.496,121.4,0.59,58.81,42212,65653,REVERSE
2026-07-10 09:32:42,134.7,2.956,257.6,0.64,58.85,42235,65666,FORWARD
2026-07-10 11:24:10,135.4,11.242,1301.6,0.85,58.84,42319,65666,FORWARD
2026-07-10 13:07:16,132.9,4.368,432.1,0.74,58.81,42442,65666,FORWARD
2026-07-10 14:45:16,134.0,3.387,312.8,0.68,58.88,42543,65666,FORWARD
2026-07-10 16:03:30,133.0,1.334,15.2,0.08,58.85,42588,65666,REVERSE
2026-07-10 17:16:29,134.8,1.294,77.2,0.44,58.82,42588,65674,REVERSE
2026-07-10 18:13:39,135.5,1.293,55.7,0.31,58.84,42590,65677,REVERSE
2026-07-10 21:46:32,135.9,2.35,227.7,0.71,58.78,42590,65748,REVERSE
2026-07-11 00:13:07,135.8,2.238,211.8,0.69,58.79,42590,65837,REVERSE
2026-07-11 02:16:21,136.4,2.251,213.5,0.69,58.82,42590,65880,REVERSE
2026-07-11 03:51:53,136.5,2.249,213.7,0.69,58.79,42590,65916,REVERSE
2026-07-11 05:05:32,136.8,1.85,155.1,0.61,58.82,42590,65935,REVERSE
2026-07-11 06:08:12,137.0,1.851,155.6,0.61,58.82,42590,65952,REVERSE
2026-07-11 07:57:40,136.5,1.521,20.9,0.1,58.82,42590,65969,FORWARD
2026-07-11 09:01:03,135.8,2.069,31.7,0.11,58.81,42598,65969,FORWARD
2026-07-11 10:12:34,135.5,1.927,70.1,0.26,58.81,42598,65974,REVERSE
2026-07-11 11:25:16,135.8,4.014,329.7,0.6,58.87,42605,65976,FORWARD
2026-07-11 12:32:14,135.0,4.43,579.3,0.96,58.81,42620,66014,REVERSE
2026-07-11 13:49:29,135.3,3.116,119.1,0.28,58.87,42631,66038,FORWARD
2026-07-11 14:47:48,135.0,3.487,207.1,0.43,58.82,42691,66039,FORWARD
2026-07-11 15:50:15,133.5,4.774,605.6,0.94,58.84,42717,66087,REVERSE
2026-07-11 16:49:05,133.8,2.198,69.0,0.23,58.85,42717,66097,FORWARD
2026-07-11 17:55:09,134.5,1.86,149.6,0.59,58.84,42729,66105,REVERSE
2026-07-11 20:47:32,134.7,2.745,283.7,0.76,58.81,42729,66196,REVERSE
2026-07-12 00:02:25,135.6,5.182,667.1,0.94,58.84,42729,66367,REVERSE
2026-07-12 02:33:28,136.2,4.454,593.0,0.97,58.81,42729,66487,REVERSE
2026-07-12 04:11:49,136.4,3.478,450.9,0.94,58.81,42729,66566,REVERSE
2026-07-12 05:33:42,136.0,3.723,468.9,0.92,58.84,42729,66630,REVERSE
2026-07-12 06:32:36,136.2,3.496,451.2,0.94,58.85,42729,66674,REVERSE
2026-07-12 08:11:21,136.4,1.247,136.5,0.8,58.79,42729,66717,REVERSE
2026-07-12 09:27:35,136.4,2.38,201.9,0.62,58.87,42744,66722,FORWARD
2026-07-12 10:32:36,136.0,3.773,390.3,0.76,58.78,42826,66722,FORWARD
2026-07-12 11:39:38,137.3,8.108,932.9,0.83,58.87,42935,66722,FORWARD
2026-07-12 12:37:40,136.1,5.934,619.0,0.76,58.85,43010,66722,FORWARD
2026-07-12 13:48:24,134.8,2.151,250.9,0.86,58.87,43037,66740,REVERSE
2026-07-12 14:49:26,136.6,4.938,460.9,0.68,58.85,43089,66755,FORWARD
2026-07-12 15:50:49,135.6,1.875,113.4,0.44,58.85,43103,66780,FORWARD
2026-07-12 16:49:52,134.3,4.606,585.2,0.94,58.87,43108,66815,REVERSE
2026-07-12 17:54:51,134.3,3.657,456.2,0.92,58.88,43108,66866,REVERSE
2026-07-12 20:48:58,133.8,4.052,533.7,0.98,58.81,43108,67101,REVERSE
2026-07-13 00:19:37,134.5,5.486,726.0,0.98,58.84,43108,67290,REVERSE
2026-07-13 03:50:59,136.3,4.061,544.1,0.98,58.81,43108,67496,REVERSE
2026-07-13 06:31:48,136.0,1.731,150.0,0.63,58.81,43108,67609,REVERSE
2026-07-13 09:32:11,134.3,2.156,270.9,0.93,58.81,43125,67630,REVERSE
2026-07-13 11:34:49,133.9,2.324,296.6,0.95,58.85,43151,67669,REVERSE
2026-07-13 13:02:07,132.8,1.573,154.4,0.73,58.92,43218,67674,REVERSE
2026-07-13 14:35:42,133.0,1.482,135.0,0.68,58.87,43246,67716,REVERSE
2026-07-13 15:32:24,132.5,3.906,503.3,0.97,58.87,43268,67725,REVERSE
2026-07-13 16:33:27,132.2,4.208,541.2,0.97,58.82,43268,67777,REVERSE
2026-07-13 17:31:21,132.9,1.453,81.1,0.41,58.82,43268,67824,REVERSE
2026-07-13 19:03:00,133.7,1.507,141.9,0.7,58.85,43268,67843,REVERSE
2026-07-13 22:18:49,134.8,1.577,132.1,0.62,58.87,43268,67889,REVERSE
2026-07-14 00:30:31,135.7,6.548,876.2,0.98,58.85,43268,68108,REVERSE
2026-07-14 02:52:50,136.0,3.943,528.6,0.98,58.84,43268,68261,REVERSE
2026-07-14 04:46:30,136.8,3.878,522.7,0.98,58.81,43268,68359,REVERSE
2026-07-14 06:12:51,136.2,3.666,486.0,0.97,58.82,43268,68435,REVERSE
2026-07-14 08:16:48,134.9,2.622,227.7,0.64,58.81,43272,68487,FORWARD
2026-07-14 09:51:21,135.2,7.02,793.5,0.83,58.85,43343,68487,FORWARD
2026-07-14 11:14:51,134.3,3.318,317.1,0.71,58.87,43402,68487,FORWARD
2026-07-14 12:33:09,133.3,5.873,632.3,0.8,58.85,43459,68487,FORWARD
2026-07-14 13:53:57,133.5,3.719,363.1,0.73,58.84,43503,68503,FORWARD
2026-07-14 15:00:19,133.8,9.266,1050.1,0.84,58.87,43607,68503,FORWARD
2026-07-14 16:07:16,132.5,6.564,712.8,0.81,58.87,43697,68503,FORWARD
2026-07-14 17:13:52,132.4,1.499,78.2,0.39,58.84,43712,68503,FORWARD
2026-07-14 18:08:37,134.0,1.076,52.1,0.36,58.87,43713,68517,REVERSE
2026-07-14 21:40:29,135.2,2.527,240.2,0.7,58.85,43713,68567,REVERSE
2026-07-15 00:14:29,134.8,8.007,1052.2,0.97,58.79,43713,68653,REVERSE
2026-07-15 02:38:08,136.1,5.083,680.2,0.98,58.85,43713,68837,REVERSE
2026-07-15 04:27:43,136.1,4.158,556.8,0.98,58.87,43713,68952,REVERSE
2026-07-15 06:04:54,136.0,3.876,518.8,0.98,58.79,43713,69043,REVERSE
2026-07-15 08:14:05,135.0,2.178,170.0,0.57,58.82,43714,69139,FORWARD
2026-07-15 09:54:56,134.0,2.265,277.8,0.91,58.81,43732,69167,REVERSE
2026-07-15 11:18:11,133.4,1.674,129.5,0.59,58.79,43732,69191,REVERSE
2026-07-15 12:34:28,133.7,2.261,242.6,0.8,58.81,43732,69217,REVERSE
2026-07-15 13:48:59,134.0,2.527,182.6,0.53,58.81,43773,69222,FORWARD
2026-07-15 15:00:34,134.1,3.652,335.9,0.68,58.81,43820,69222,FORWARD
2026-07-15 16:16:33,133.2,1.957,89.8,0.34,58.85,43888,69222,FORWARD
2026-07-15 17:16:00,134.2,4.954,519.1,0.78,58.81,43927,69222,FORWARD
2026-07-15 18:13:03,133.6,1.172,52.3,0.33,58.84,43937,69225,REVERSE
2026-07-15 21:43:03,134.4,11.479,1461.7,0.94,58.82,43937,69657,REVERSE
2026-07-16 00:18:31,135.3,8.851,1151.9,0.96,58.82,43937,69975,REVERSE
2026-07-16 02:37:18,135.4,6.001,786.8,0.96,58.78,43937,70182,REVERSE
2026-07-16 04:34:07,136.6,3.874,521.3,0.98,58.81,43937,70319,REVERSE
2026-07-16 06:06:38,136.4,3.831,515.4,0.98,58.78,43937,70401,REVERSE
2026-07-16 08:27:11,134.9,2.539,162.8,0.47,58.85,43939,70489,FORWARD
2026-07-16 10:01:31,135.4,8.43,928.4,0.81,58.87,44028,70496,FORWARD
2026-07-16 11:42:17,135.2,10.899,1213.0,0.82,58.87,44123,70500,FORWARD
2026-07-16 13:11:13,135.8,11.697,1343.6,0.84,58.88,44274,70500,FORWARD
2026-07-16 14:13:48,134.3,11.088,1233.1,0.82,58.87,44366,70500,FORWARD
2026-07-16 15:27:30,132.1,6.318,800.8,0.95,58.85,44462,70509,REVERSE
2026-07-16 16:34:48,132.4,2.814,350.6,0.94,58.87,44463,70578,REVERSE
2026-07-16 17:33:38,133.2,5.654,730.6,0.96,58.85,44463,70648,REVERSE
2026-07-16 19:08:39,134.4,1.899,185.8,0.72,58.82,44469,70668,REVERSE
2026-07-16 22:29:24,134.7,5.44,725.9,0.99,58.82,44469,70760,REVERSE
2026-07-17 01:01:01,135.4,5.609,754.4,0.99,58.81,44469,71004,REVERSE
2026-07-17 03:23:20,136.0,5.065,682.0,0.98,58.81,44469,71178,REVERSE
2026-07-17 05:08:46,136.3,4.55,613.1,0.98,58.82,44469,71290,REVERSE
2026-07-17 06:38:07,135.8,3.478,448.1,0.94,58.81,44469,71375,REVERSE
2026-07-17 08:15:32,134.4,6.574,789.9,0.89,58.79,44469,71432,REVERSE
2026-07-17 09:46:51,134.9,2.3,111.7,0.36,58.82,44473,71465,FORWARD
2026-07-17 11:12:16,135.4,1.432,35.9,0.18,58.84,44489,71484,FORWARD
2026-07-17 12:17:45,134.4,9.074,983.0,0.8,58.85,44559,71491,FORWARD
2026-07-17 13:36:44,134.5,11.035,1271.7,0.85,58.82,44688,71492,FORWARD
2026-07-17 14:31:56,133.7,10.584,1203.8,0.85,58.87,44789,71492,FORWARD
2026-07-17 15:29:20,133.8,8.762,991.2,0.84,58.85,44885,71492,FORWARD
2026-07-17 16:28:44,132.7,2.846,265.0,0.7,58.84,44962,71492,FORWARD
2026-07-17 17:31:13,134.1,3.426,340.9,0.74,58.9,45010,71492,FORWARD
2026-07-17 19:03:35,133.7,7.867,983.3,0.93,58.81,45020,71596,REVERSE
2026-07-17 22:16:57,135.3,4.872,650.5,0.98,58.82,45020,71737,REVERSE
2026-07-18 00:23:39,135.6,5.038,666.9,0.97,58.81,45020,71878,REVERSE
2026-07-18 02:26:24,136.0,4.119,527.9,0.94,58.82,45020,72010,REVERSE
2026-07-18 04:03:01,136.6,1.52,125.9,0.6,58.84,45020,72062,REVERSE
2026-07-18 05:26:20,136.9,1.519,125.8,0.6,58.85,45020,72079,REVERSE
2026-07-18 06:34:00,136.8,1.046,40.4,0.28,58.85,45020,72091,REVERSE
2026-07-18 08:04:57,136.9,3.148,314.2,0.72,58.82,45033,72092,FORWARD
2026-07-18 09:17:42,135.9,3.521,368.3,0.76,58.84,45088,72092,FORWARD
2026-07-18 10:14:51,135.8,7.985,905.2,0.83,58.82,45150,72092,FORWARD
2026-07-18 11:17:50,135.6,10.119,1173.6,0.85,58.81,45261,72092,FORWARD
2026-07-18 12:12:21,135.7,10.581,1225.9,0.85,58.82,45371,72092,FORWARD
2026-07-18 13:35:53,134.4,2.129,179.2,0.62,58.84,45531,72092,FORWARD
2026-07-18 14:25:28,135.7,10.252,1189.1,0.85,58.84,45631,72092,FORWARD
2026-07-18 15:31:52,135.8,8.41,974.3,0.85,58.9,45748,72092,FORWARD
2026-07-18 16:29:38,134.9,5.918,656.8,0.82,58.88,45827,72092,FORWARD
2026-07-18 17:33:38,134.2,2.26,192.1,0.63,58.87,45863,72092,FORWARD
2026-07-18 19:08:20,133.8,1.006,62.9,0.46,58.85,45881,72094,REVERSE
2026-07-18 22:39:37,135.4,1.51,124.2,0.6,58.84,45881,72134,REVERSE
2026-07-19 01:15:06,136.0,1.514,125.5,0.6,58.85,45881,72166,REVERSE
2026-07-19 03:20:34,136.6,1.517,125.4,0.6,58.81,45881,72192,REVERSE
2026-07-19 04:58:48,136.7,1.518,126.2,0.6,58.79,45881,72213,REVERSE
2026-07-19 06:03:17,136.5,1.519,125.7,0.6,58.82,45881,72227,REVERSE
2026-07-19 07:56:44,136.4,2.051,169.7,0.6,58.79,45886,72234,FORWARD
2026-07-19 08:59:45,136.2,4.909,545.0,0.81,58.85,45923,72234,FORWARD
2026-07-19 10:03:16,136.3,7.563,863.9,0.83,58.79,45996,72234,FORWARD
2026-07-19 11:27:12,135.3,10.017,1154.7,0.85,58.87,46139,72234,FORWARD
2026-07-19 12:34:21,134.4,3.162,314.7,0.74,58.81,46271,72234,FORWARD
2026-07-19 13:49:17,135.6,10.381,1205.7,0.85,58.82,46411,72234,FORWARD
2026-07-19 14:49:50,135.4,9.778,1131.2,0.85,58.9,46526,72234,FORWARD
2026-07-19 15:53:04,135.0,7.899,899.2,0.84,58.87,46633,72234,FORWARD
2026-07-19 16:52:40,134.7,5.101,557.4,0.81,58.9,46706,72234,FORWARD
2026-07-19 17:57:26,133.5,2.056,168.8,0.61,58.87,46743,72234,FORWARD
2026-07-19 21:39:35,134.0,1.505,121.4,0.6,58.81,46750,72265,REVERSE
2026-07-20 00:34:49,134.8,1.504,122.4,0.6,58.81,46750,72301,REVERSE
2026-07-20 03:44:16,136.4,1.526,126.1,0.6,58.87,46750,72339,REVERSE
2026-07-20 06:16:54,136.4,1.025,73.9,0.52,58.84,46750,72371,REVERSE
2026-07-20 08:35:45,135.0,3.751,387.7,0.76,58.82,46775,72375,FORWARD
2026-07-20 10:12:07,135.2,7.865,894.3,0.84,58.82,46881,72375,FORWARD
2026-07-20 12:23:51,133.8,10.966,1249.3,0.85,58.82,47125,72375,FORWARD
2026-07-20 14:10:42,132.8,10.254,1161.3,0.85,58.87,47339,72375,FORWARD
2026-07-20 15:35:58,131.9,7.233,815.6,0.85,58.9,47475,72375,FORWARD
2026-07-20 16:35:10,131.3,5.955,642.5,0.82,58.85,47545,72375,FORWARD
2026-07-20 17:36:22,132.7,3.058,302.6,0.74,58.92,47593,72375,FORWARD
2026-07-20 19:04:48,133.7,1.006,66.2,0.49,58.87,47607,72377,REVERSE
2026-07-20 22:35:58,134.1,1.49,120.9,0.6,58.84,47607,72417,REVERSE
2026-07-21 01:17:22,135.5,1.509,123.5,0.6,58.85,47607,72450,REVERSE
2026-07-21 03:44:57,135.7,1.517,124.3,0.6,58.85,47607,72480,REVERSE
2026-07-21 05:46:35,136.3,1.523,125.3,0.6,58.82,47607,72505,REVERSE
2026-07-21 07:50:18,135.2,1.788,132.8,0.54,58.84,47611,72517,FORWARD
2026-07-21 09:43:52,134.9,6.933,764.8,0.81,58.85,47697,72517,FORWARD
2026-07-21 11:20:00,134.5,10.034,1152.6,0.85,58.85,47854,72517,FORWARD
2026-07-21 12:45:44,134.2,11.147,1296.5,0.86,58.87,48028,72517,FORWARD
2026-07-21 14:18:52,133.7,10.344,1180.3,0.85,58.82,48224,72517,FORWARD
2026-07-21 15:36:25,131.9,8.484,944.1,0.84,58.85,48358,72517,FORWARD
2026-07-21 16:34:04,131.7,6.209,674.4,0.82,58.9,48436,72517,FORWARD
2026-07-21 17:37:17,132.8,3.363,334.4,0.74,58.87,48487,72517,FORWARD
2026-07-21 19:05:15,133.0,1.032,62.8,0.45,58.87,48503,72520,REVERSE
2026-07-21 22:37:45,134.1,1.491,121.2,0.6,58.87,48503,72560,REVERSE
2026-07-22 01:20:03,135.7,1.51,124.0,0.6,58.85,48503,72593,REVERSE
2026-07-22 03:43:35,136.1,1.517,125.0,0.6,58.84,48503,72622,REVERSE
2026-07-22 05:47:21,136.1,1.521,125.4,0.6,58.87,48503,72648,REVERSE
2026-07-22 07:53:59,134.5,2.412,217.7,0.67,58.85,48515,72657,FORWARD
2026-07-22 09:43:01,134.4,6.96,779.5,0.83,58.82,48601,72657,FORWARD
2026-07-22 11:19:29,134.5,9.996,1150.6,0.85,58.87,48750,72657,FORWARD
2026-07-22 12:37:40,133.9,11.426,1309.4,0.85,58.87,48908,72657,FORWARD
2026-07-22 13:56:20,132.5,2.235,194.3,0.65,58.92,49055,72657,FORWARD
2026-07-22 15:10:40,132.0,8.725,976.8,0.84,58.9,49182,72657,FORWARD
2026-07-22 16:27:36,131.4,6.141,665.0,0.82,58.87,49285,72657,FORWARD
2026-07-22 17:36:54,131.1,2.706,243.9,0.68,58.88,49334,72657,FORWARD
2026-07-22 19:10:22,132.6,1.009,67.8,0.5,58.84,49346,72657,REVERSE
2026-07-22 22:40:01,133.9,1.48,119.7,0.6,58.82,49346,72695,REVERSE
2026-07-23 01:18:47,134.8,1.502,121.8,0.6,58.84,49346,72727,REVERSE
2026-07-23 03:42:12,136.0,1.51,123.3,0.6,58.84,49346,72757,REVERSE
2026-07-23 05:50:29,135.7,1.509,123.3,0.6,58.85,49346,72783,REVERSE
2026-07-23 07:59:48,133.2,1.535,93.1,0.45,58.82,49350,72794,FORWARD
2026-07-23 09:59:24,133.4,7.422,827.9,0.83,58.85,49446,72794,FORWARD
2026-07-23 11:40:59,131.7,8.676,961.3,0.84,58.85,49591,72794,FORWARD
2026-07-23 13:17:40,131.4,12.414,1397.6,0.85,58.85,49730,72794,FORWARD
2026-07-23 14:33:18,130.6,5.228,553.9,0.81,58.85,49814,72794,FORWARD
2026-07-23 15:39:41,130.6,5.597,596.4,0.81,58.82,49875,72794,FORWARD
2026-07-23 16:38:01,130.1,2.67,241.2,0.69,58.87,49914,72794,FORWARD
2026-07-23 17:37:00,131.2,1.513,88.7,0.44,58.87,49931,72794,FORWARD
2026-07-23 19:06:04,132.4,1.059,88.7,0.63,58.87,49937,72796,REVERSE
2026-07-23 22:37:38,133.8,1.496,120.5,0.6,58.87,49937,72836,REVERSE
2026-07-24 01:16:04,134.9,1.508,122.7,0.6,58.81,49937,72867,REVERSE
2026-07-24 03:38:58,136.2,1.519,124.5,0.6,58.84,49937,72896,REVERSE
2026-07-24 05:23:46,135.6,1.513,124.0,0.6,58.81,49937,72918,REVERSE
2026-07-24 07:05:17,135.5,1.269,46.8,0.27,58.82,49938,72933,FORWARD
2026-07-24 09:10:27,133.7,5.314,575.9,0.8,58.78,49987,72933,FORWARD
2026-07-24 10:59:24,132.5,3.068,294.9,0.72,58.82,50107,72933,FORWARD
2026-07-24 12:25:25,132.6,2.317,200.4,0.65,58.79,50138,72933,FORWARD
2026-07-24 14:00:01,133.2,6.087,672.0,0.82,58.85,50226,72933,FORWARD
2026-07-24 15:14:36,133.1,9.127,1020.6,0.84,58.84,50367,72933,FORWARD
2026-07-24 16:29:45,132.5,3.99,408.9,0.77,58.84,50464,72933,FORWARD
2026-07-24 17:39:27,133.6,2.8,268.0,0.71,58.87,50507,72933,FORWARD
2026-07-24 19:09:44,134.2,1.022,76.7,0.55,58.85,50520,72936,REVERSE
2026-07-24 22:32:21,134.7,1.498,122.1,0.6,58.81,50520,72974,REVERSE
2026-07-25 01:00:31,135.3,1.503,122.8,0.6,58.81,50520,73004,REVERSE
2026-07-25 03:07:09,135.9,1.519,124.4,0.6,58.81,50520,73029,REVERSE
2026-07-25 04:47:07,136.1,1.516,124.5,0.6,58.85,50520,73050,REVERSE
2026-07-25 06:02:46,136.1,1.521,124.8,0.6,58.81,50520,73066,REVERSE
2026-07-25 08:05:23,135.9,2.559,237.1,0.68,58.78,50526,73075,FORWARD
2026-07-25 09:32:07,134.9,6.628,741.5,0.82,58.79,50601,73075,FORWARD
2026-07-25 10:30:09,135.9,10.318,1205.2,0.85,58.87,50689,73075,FORWARD
2026-07-25 11:38:15,135.7,10.438,1211.2,0.85,58.81,50817,73075,FORWARD
2026-07-25 12:38:27,135.5,11.615,1357.1,0.86,58.87,50936,73075,FORWARD
2026-07-25 13:55:28,135.2,10.313,1187.3,0.85,58.85,51071,73075,FORWARD
2026-07-25 14:52:56,134.5,7.266,820.2,0.83,58.88,51184,73075,FORWARD
2026-07-25 15:56:11,134.8,7.682,869.6,0.83,58.9,51292,73075,FORWARD
2026-07-25 16:57:15,133.8,5.07,546.1,0.8,58.88,51366,73075,FORWARD
2026-07-25 18:03:53,132.9,1.907,147.7,0.58,58.84,51405,73075,FORWARD
2026-07-26 01:06:59,135.5,1.511,123.9,0.6,58.84,51409,73150,REVERSE
2026-07-26 03:26:34,135.7,1.512,123.8,0.6,58.87,51409,73178,REVERSE
2026-07-26 05:07:04,136.0,1.515,124.9,0.6,58.85,51409,73199,REVERSE
2026-07-26 06:33:16,135.8,1.014,69.8,0.5,58.87,51409,73216,REVERSE
2026-07-26 08:12:23,136.2,2.838,274.0,0.7,58.84,51420,73219,FORWARD
2026-07-26 09:33:25,136.0,6.601,746.4,0.83,58.79,51489,73219,FORWARD
2026-07-26 10:33:20,136.0,8.753,1007.7,0.84,58.81,51577,73219,FORWARD
2026-07-26 11:40:11,135.5,10.749,1246.5,0.85,58.85,51703,73219,FORWARD
2026-07-26 12:43:20,135.2,11.822,1376.3,0.86,58.85,51826,73219,FORWARD
2026-07-26 14:09:29,135.5,10.696,1243.1,0.85,58.85,52004,73219,FORWARD
2026-07-26 15:14:22,135.0,9.245,1078.8,0.86,58.88,52127,73219,FORWARD
2026-07-26 16:15:37,133.8,7.125,793.1,0.83,58.88,52220,73219,FORWARD
2026-07-26 17:15:37,133.7,4.34,465.6,0.8,58.92,52280,73219,FORWARD
2026-07-26 18:16:17,133.2,1.376,69.3,0.37,58.85,52305,73219,FORWARD
2026-07-26 22:08:23,133.1,1.493,120.6,0.6,58.84,52307,73255,REVERSE
2026-07-27 01:56:17,134.5,1.504,121.8,0.6,58.82,52307,73300,REVERSE
2026-07-27 05:26:05,135.8,1.52,124.9,0.6,58.82,52307,73344,REVERSE
2026-07-27 07:56:36,133.9,2.107,178.8,0.63,58.85,52311,73359,FORWARD
2026-07-27 10:22:59,133.1,8.637,968.3,0.84,58.84,52454,73359,FORWARD
2026-07-27 12:10:34,132.9,10.978,1249.3,0.85,58.81,52657,73359,FORWARD
2026-07-27 13:58:44,132.4,10.469,1194.0,0.86,58.9,52883,73359,FORWARD
2026-07-27 15:19:21,130.7,9.142,1011.4,0.84,58.88,53032,73359,FORWARD
2026-07-27 16:30:51,130.7,6.378,690.5,0.82,58.84,53131,73359,FORWARD
2026-07-27 17:41:39,131.3,2.951,278.8,0.71,58.85,53190,73359,FORWARD
2026-07-27 20:33:08,132.3,13.73,1708.3,0.94,58.88,53198,73560,REVERSE
2026-07-27 23:33:12,134.0,7.447,974.8,0.97,58.87,53198,73934,REVERSE
2026-07-28 02:03:57,135.3,4.889,624.8,0.94,58.85,53198,74109,REVERSE
2026-07-28 04:46:34,135.9,4.903,633.9,0.95,58.81,53198,74277,REVERSE
2026-07-28 06:53:56,135.0,2.001,146.4,0.54,58.85,53198,74371,REVERSE
2026-07-28 09:21:27,133.5,5.985,622.7,0.77,58.82,53247,74403,FORWARD
2026-07-28 11:06:05,133.5,9.925,1136.4,0.85,58.84,53356,74403,FORWARD
2026-07-28 12:50:12,131.6,3.87,413.0,0.81,58.84,53470,74403,FORWARD
2026-07-28 14:16:08,131.5,3.217,325.7,0.76,58.85,53521,74403,FORWARD
2026-07-28 15:34:12,130.2,1.48,92.3,0.47,58.84,53551,74403,FORWARD
2026-07-28 16:39:43,129.7,1.543,165.4,0.82,58.9,53553,74409,REVERSE
2026-07-28 17:40:19,129.8,12.807,1512.8,0.9,58.9,53553,74433,REVERSE
2026-07-28 19:09:26,130.8,14.168,1678.1,0.9,58.88,53553,74676,REVERSE
2026-07-28 22:34:38,132.9,12.772,1596.7,0.94,58.87,53553,75156,REVERSE
2026-07-29 01:27:10,134.8,4.903,628.3,0.95,58.85,53553,75595,REVERSE
2026-07-29 04:15:56,135.5,5.352,681.9,0.93,58.85,53553,75703,REVERSE
2026-07-29 06:24:28,135.2,4.368,545.8,0.92,58.87,53553,75832,REVERSE
2026-07-29 09:05:57,132.9,1.926,143.5,0.56,58.87,53557,75919,FORWARD
2026-07-29 10:24:01,133.2,4.262,409.6,0.72,58.84,53578,75923,FORWARD
2026-07-29 11:52:35,133.6,10.598,1222.9,0.86,58.9,53690,75925,FORWARD
2026-07-29 13:16:26,132.6,11.195,1268.3,0.85,58.82,53862,75925,FORWARD
2026-07-29 14:27:12,132.7,10.453,1184.9,0.85,58.87,54000,75925,FORWARD
2026-07-29 15:32:26,131.6,8.715,959.2,0.83,58.85,54112,75925,FORWARD
2026-07-29 16:35:52,131.5,6.861,778.3,0.86,58.93,54189,75925,FORWARD
2026-07-29 17:39:12,131.1,3.171,392.4,0.94,58.88,54192,75956,REVERSE
2026-07-29 19:01:30,131.9,5.288,654.3,0.93,58.85,54192,76032,REVERSE
2026-07-29 22:23:55,132.1,12.56,1581.7,0.95,58.84,54192,76332,REVERSE
2026-07-30 01:18:26,134.2,8.587,1106.7,0.95,58.82,54192,76731,REVERSE
2026-07-30 03:46:31,135.0,6.926,896.6,0.95,58.82,54192,76990,REVERSE
2026-07-30 05:51:34,135.3,5.011,667.6,0.98,58.82,54192,77168,REVERSE
2026-07-30 08:02:05,133.7,1.699,202.8,0.89,58.9,54192,77295,REVERSE
2026-07-30 10:01:43,133.1,1.898,76.8,0.3,58.82,54247,77302,FORWARD
2026-07-30 11:52:27,132.4,3.146,224.1,0.53,58.82,54275,77305,FORWARD
2026-07-30 13:26:06,131.3,3.135,255.3,0.61,58.87,54303,77332,FORWARD
2026-07-30 14:45:32,129.8,11.953,1426.6,0.91,58.87,54313,77453,REVERSE
2026-07-30 16:05:38,130.7,7.636,955.6,0.95,58.92,54313,77592,REVERSE
2026-07-30 17:28:26,129.8,16.192,1950.0,0.92,58.85,54313,77755,REVERSE
2026-07-30 19:10:18,131.7,13.517,1636.4,0.91,58.9,54313,78021,REVERSE
2026-07-30 22:46:16,133.4,6.881,909.2,0.98,58.84,54313,78391,REVERSE
2026-07-31 01:50:01,134.3,9.659,1255.1,0.96,58.85,54313,78737,REVERSE
2026-07-31 04:39:01,134.6,7.239,942.2,0.96,58.85,54313,79021,REVERSE
2026-07-31 06:31:25,135.3,4.643,612.9,0.97,58.82,54313,79186,REVERSE
2026-07-31 09:07:03,133.4,3.86,354.7,0.68,58.87,54322,79306,FORWARD
2026-07-31 10:59:06,133.4,4.463,435.7,0.73,58.82,54367,79316,FORWARD
2026-07-31 12:25:26,132.2,4.109,372.6,0.68,58.84,54374,79353,FORWARD
2026-07-31 14:06:53,131.6,5.038,468.9,0.7,58.85,54552,79353,FORWARD
2026-07-31 15:31:55,131.6,5.038,468.9,0.7,58.85,54552,79353,FORWARD
2026-07-31 16:40:02,131.6,5.038,468.9,0.7,58.85,54552,79353,FORWARD
2026-07-31 17:42:15,131.6,5.038,468.9,0.7,58.85,54552,79353,FORWARD
2026-07-31 20:48:20,131.6,5.038,468.9,0.7,58.85,54552,79353,FORWARD
2026-07-31 23:55:30,131.6,5.038,468.9,0.7,58.85,54552,79353,FORWARD
2026-08-01 02:20:52,131.6,5.038,468.9,0.7,58.85,54552,79353,FORWARD
2026-08-01 04:19:47,131.6,5.038,468.9,0.7,58.85,54552,79353,FORWARD
2026-08-01 05:37:44,131.6,5.038,468.9,0.7,58.85,54552,79353,FORWARD
2026-08-01 06:38:33,131.6,5.038,468.9,0.7,58.85,54552,79353,FORWARD
2026-08-01 08:11:55,131.6,5.038,468.9,0.7,58.85,54552,79353,FORWARD
2026-08-01 09:32:15,131.6,5.038,468.9,0.7,58.85,54552,79353,FORWARD
2026-08-01 10:34:09,131.6,5.038,468.9,0.7,58.85,54552,79353,FORWARD
2026-08-01 11:39:05,131.6,5.038,468.9,0.7,58.85,54552,79353,FORWARD
2026-08-01 12:40:16,131.6,5.038,468.9,0.7,58.85,54552,79353,FORWARD
2026-08-01 13:55:23,131.6,5.038,468.9,0.7,58.85,54552,79353,FORWARD
2026-08-01 14:53:08,131.6,5.038,468.9,0.7,58.85,54552,79353,FORWARD
2026-08-01 15:56:15,131.6,5.038,468.9,0.7,58.85,54552,79353,FORWARD
2026-08-01 16:57:03,131.6,5.038,468.9,0.7,58.85,54552,79353,FORWARD
2026-08-01 18:00:09,131.6,5.038,468.9,0.7,58.85,54552,79353,FORWARD
2026-08-01 21:42:41,131.6,5.038,468.9,0.7,58.85,54552,79353,FORWARD
2026-08-02 00:33:30,131.6,5.038,468.9,0.7,58.85,54552,79353,FORWARD
2026-08-02 02:57:57,131.6,5.038,468.9,0.7,58.85,54552,79353,FORWARD
2026-08-02 04:44:53,131.6,5.038,468.9,0.7,58.85,54552,79353,FORWARD
2026-08-02 06:02:36,131.6,5.038,468.9,0.7,58.85,54552,79353,FORWARD
2026-08-02 08:01:49,131.6,5.038,468.9,0.7,58.85,54552,79353,FORWARD
2026-08-02 09:32:06,131.6,5.038,468.9,0.7,58.85,54552,79353,FORWARD
2026-08-02 10:33:32,131.6,5.038,468.9,0.7,58.85,54552,79353,FORWARD
2026-08-02 11:41:13,131.6,5.038,468.9,0.7,58.85,54552,79353,FORWARD
2026-08-02 13:10:01,131.6,5.038,468.9,0.7,58.85,54552,79353,FORWARD
2026-08-02 14:17:14,131.6,5.038,468.9,0.7,58.85,54552,79353,FORWARD
2026-08-02 15:13:11,131.6,5.038,468.9,0.7,58.85,54552,79353,FORWARD
2026-08-02 16:13:12,131.6,5.038,468.9,0.7,58.85,54552,79353,FORWARD
2026-08-02 17:15:58,131.6,5.038,468.9,0.7,58.85,54552,79353,FORWARD
2026-08-02 18:15:40,131.6,5.038,468.9,0.7,58.85,54552,79353,FORWARD
2026-08-02 22:00:36,131.6,5.038,468.9,0.7,58.85,54552,79353,FORWARD
2026-08-03 01:51:11,131.6,5.038,468.9,0.7,58.85,54552,79353,FORWARD
2026-08-03 05:22:55,131.6,5.038,468.9,0.7,58.85,54552,79353,FORWARD
2026-08-03 08:00:16,131.6,5.038,468.9,0.7,58.85,54552,79353,FORWARD
2026-08-03 10:33:21,131.6,5.038,468.9,0.7,58.85,54552,79353,FORWARD
2026-08-03 12:23:29,131.6,5.038,468.9,0.7,58.85,54552,79353,FORWARD
2026-08-03 14:17:17,131.6,5.038,468.9,0.7,58.85,54552,79353,FORWARD
2026-08-03 15:33:52,131.6,5.038,468.9,0.7,58.85,54552,79353,FORWARD
2026-08-03 16:37:45,131.6,5.038,468.9,0.7,58.85,54552,79353,FORWARD
2026-08-03 17:46:27,131.6,5.038,468.9,0.7,58.85,54552,79353,FORWARD
2026-08-03 20:32:04,131.6,5.038,468.9,0.7,58.85,54552,79353,FORWARD
2026-08-03 23:33:17,131.6,5.038,468.9,0.7,58.85,54552,79353,FORWARD
2026-08-04 02:06:27,131.6,5.038,468.9,0.7,58.85,54552,79353,FORWARD
2026-08-04 04:59:05,131.6,5.038,468.9,0.7,58.85,54552,79353,FORWARD
2026-08-04 07:06:24,131.6,5.038,468.9,0.7,58.85,54552,79353,FORWARD
2026-08-04 09:39:23,131.6,5.038,468.9,0.7,58.85,54552,79353,FORWARD
2026-08-04 11:20:15,131.6,5.038,468.9,0.7,58.85,54552,79353,FORWARD
2026-08-04 12:59:56,131.6,5.038,468.9,0.7,58.85,54552,79353,FORWARD
2026-08-04 14:38:36,131.6,5.038,468.9,0.7,58.85,54552,79353,FORWARD
2026-08-04 15:54:53,131.6,5.038,468.9,0.7,58.85,54552,79353,FORWARD
2026-08-04 17:03:25,131.6,5.038,468.9,0.7,58.85,54552,79353,FORWARD
2026-08-04 18:17:00,131.6,5.038,468.9,0.7,58.85,54552,79353,FORWARD
2026-08-04 21:39:58,131.6,5.038,468.9,0.7,58.85,54552,79353,FORWARD
2026-08-05 00:11:48,131.6,5.038,468.9,0.7,58.85,54552,79353,FORWARD
2026-08-05 03:10:57,131.6,5.038,468.9,0.7,58.85,54552,79353,FORWARD
2026-08-05 05:32:18,131.6,5.038,468.9,0.7,58.85,54552,79353,FORWARD
2026-08-05 07:19:10,131.6,5.038,468.9,0.7,58.85,54552,79353,FORWARD
2026-08-05 09:33:14,131.6,5.038,468.9,0.7,58.85,54552,79353,FORWARD
2026-08-05 11:07:50,131.6,5.038,468.9,0.7,58.85,54552,79353,FORWARD
2026-08-05 12:56:51,131.6,5.038,468.9,0.7,58.85,54552,79353,FORWARD
2026-08-05 14:34:49,131.6,5.038,468.9,0.7,58.85,54552,79353,FORWARD
2026-08-05 15:52:16,131.6,5.038,468.9,0.7,58.85,54552,79353,FORWARD
2026-08-05 16:58:46,131.6,5.038,468.9,0.7,58.85,54552,79353,FORWARD
2026-08-05 18:05:40,131.6,5.038,468.9,0.7,58.85,54552,79353,FORWARD
2026-08-05 21:44:42,131.6,5.038,468.9,0.7,58.85,54552,79353,FORWARD
2026-08-06 00:30:30,131.6,5.038,468.9,0.7,58.85,54552,79353,FORWARD
2026-08-06 03:27:55,131.6,5.038,468.9,0.7,58.85,54552,79353,FORWARD
2026-08-06 05:50:11,131.6,5.038,468.9,0.7,58.85,54552,79353,FORWARD
2026-08-06 08:09:38,131.6,5.038,468.9,0.7,58.85,54552,79353,FORWARD
2026-08-06 18:18:52,131.6,5.038,468.9,0.7,58.85,54552,79353,FORWARD
2026-08-06 21:21:03,131.6,5.038,468.9,0.7,58.85,54552,79353,FORWARD
2026-08-06 23:20:32,131.6,5.038,468.9,0.7,58.85,54552,79353,FORWARD
2026-08-07 00:51:26,131.6,5.038,468.9,0.7,58.85,54552,79353,FORWARD
2026-08-07 02:13:57,131.6,5.038,468.9,0.7,58.85,54552,79353,FORWARD
2026-08-07 03:18:00,131.6,5.038,468.9,0.7,58.85,54552,79353,FORWARD
2026-08-07 04:15:27,131.6,5.038,468.9,0.7,58.85,54552,79353,FORWARD
2026-08-07 05:10:44,131.6,5.038,468.9,0.7,58.85,54552,79353,FORWARD
2026-08-07 06:00:35,131.6,5.038,468.9,0.7,58.85,54552,79353,FORWARD
2026-08-07 07:42:38,131.6,5.038,468.9,0.7,58.85,54552,79353,FORWARD
2026-08-07 08:52:39,131.6,5.038,468.9,0.7,58.85,54552,79353,FORWARD
2026-08-07 09:55:51,131.6,5.038,468.9,0.7,58.85,54552,79353,FORWARD
2026-08-07 10:55:05,131.6,5.038,468.9,0.7,58.85,54552,79353,FORWARD
2026-08-07 11:49:52,131.6,5.038,468.9,0.7,58.85,54552,79353,FORWARD
2026-08-07 12:56:44,131.6,5.038,468.9,0.7,58.85,54552,79353,FORWARD
2026-08-07 13:53:20,131.6,5.038,468.9,0.7,58.85,54552,79353,FORWARD
2026-08-07 14:40:49,131.6,5.038,468.9,0.7,58.85,54552,79353,FORWARD
2026-08-07 15:38:49,131.6,5.038,468.9,0.7,58.85,54552,79353,FORWARD
2026-08-07 16:17:43,131.6,5.038,468.9,0.7,58.85,54552,79353,FORWARD
2026-08-07 16:58:52,131.6,5.038,468.9,0.7,58.85,54552,79353,FORWARD
2026-08-07 17:40:29,131.6,5.038,468.9,0.7,58.85,54552,79353,FORWARD
2026-08-07 18:05:41,131.6,5.038,468.9,0.7,58.85,54552,79353,FORWARD
2026-08-07 20:24:31,131.6,5.038,468.9,0.7,58.85,54552,79353,FORWARD
2026-08-07 21:55:38,131.6,5.038,468.9,0.7,58.85,54552,79353,FORWARD
2026-08-07 22:57:24,131.6,5.038,468.9,0.7,58.85,54552,79353,FORWARD
2026-08-07 23:45:05,131.6,5.038,468.9,0.7,58.85,54552,79353,FORWARD
2026-08-08 00:52:57,131.6,5.038,468.9,0.7,58.85,54552,79353,FORWARD
2026-08-08 01:49:51,131.6,5.038,468.9,0.7,58.85,54552,79353,FORWARD
2026-08-08 02:40:58,131.6,5.038,468.9,0.7,58.85,54552,79353,FORWARD
2026-08-08 03:37:30,131.6,5.038,468.9,0.7,58.85,54552,79353,FORWARD
2026-08-08 04:06:55,131.6,5.038,468.9,0.7,58.85,54552,79353,FORWARD
2026-08-08 04:54:20,131.6,5.038,468.9,0.7,58.85,54552,79353,FORWARD
2026-08-08 05:28:47,131.6,5.038,468.9,0.7,58.85,54552,79353,FORWARD
2026-08-08 05:59:26,131.6,5.038,468.9,0.7,58.85,54552,79353,FORWARD
2026-08-08 07:05:13,131.6,5.038,468.9,0.7,58.85,54552,79353,FORWARD
2026-08-08 08:00:20,131.6,5.038,468.9,0.7,58.85,54552,79353,FORWARD
2026-08-08 08:40:50,131.6,5.038,468.9,0.7,58.85,54552,79353,FORWARD
2026-08-08 09:29:18,131.6,5.038,468.9,0.7,58.85,54552,79353,FORWARD
2026-08-08 10:00:27,131.6,5.038,468.9,0.7,58.85,54552,79353,FORWARD
2026-08-08 10:46:09,131.6,5.038,468.9,0.7,58.85,54552,79353,FORWARD
2026-08-08 11:29:57,131.6,5.038,468.9,0.7,58.85,54552,79353,FORWARD
2026-08-08 12:01:33,131.6,5.038,468.9,0.7,58.85,54552,79353,FORWARD
2026-08-08 13:03:12,131.6,5.038,468.9,0.7,58.85,54552,79353,FORWARD
2026-08-08 13:47:30,131.6,5.038,468.9,0.7,58.85,54552,79353,FORWARD
2026-08-08 14:29:40,131.6,5.038,468.9,0.7,58.85,54552,79353,FORWARD
2026-08-08 15:03:23,131.6,5.038,468.9,0.7,58.85,54552,79353,FORWARD
2026-08-08 15:49:23,131.6,5.038,468.9,0.7,58.85,54552,79353,FORWARD
2026-08-08 16:28:50,131.6,5.038,468.9,0.7,58.85,54552,79353,FORWARD
2026-08-08 17:02:14,131.6,5.038,468.9,0.7,58.85,54552,79353,FORWARD
2026-08-08 17:48:35,131.6,5.038,468.9,0.7,58.85,54552,79353,FORWARD
2026-08-08 19:44:26,131.6,5.038,468.9,0.7,58.85,54552,79353,FORWARD
2026-08-08 21:42:44,131.6,5.038,468.9,0.7,58.85,54552,79353,FORWARD
2026-08-08 23:05:02,131.6,5.038,468.9,0.7,58.85,54552,79353,FORWARD
2026-08-09 00:01:59,131.6,5.038,468.9,0.7,58.85,54552,79353,FORWARD
2026-08-09 01:26:26,131.6,5.038,468.9,0.7,58.85,54552,79353,FORWARD
2026-08-09 02:20:18,131.6,5.038,468.9,0.7,58.85,54552,79353,FORWARD
2026-08-09 03:07:25,131.6,5.038,468.9,0.7,58.85,54552,79353,FORWARD
2026-08-09 04:00:00,131.6,5.038,468.9,0.7,58.85,54552,79353,FORWARD
2026-08-09 04:44:38,131.6,5.038,468.9,0.7,58.85,54552,79353,FORWARD
2026-08-09 05:28:38,131.6,5.038,468.9,0.7,58.85,54552,79353,FORWARD
2026-08-09 06:00:02,131.6,5.038,468.9,0.7,58.85,54552,79353,FORWARD
2026-08-09 07:08:58,131.6,5.038,468.9,0.7,58.85,54552,79353,FORWARD
2026-08-09 08:02:10,131.6,5.038,468.9,0.7,58.85,54552,79353,FORWARD
2026-08-09 08:55:45,131.6,5.038,468.9,0.7,58.85,54552,79353,FORWARD
2026-08-09 09:31:43,131.6,5.038,468.9,0.7,58.85,54552,79353,FORWARD
2026-08-09 10:02:13,131.6,5.038,468.9,0.7,58.85,54552,79353,FORWARD
2026-08-09 10:58:47,131.6,5.038,468.9,0.7,58.85,54552,79353,FORWARD
2026-08-09 11:38:52,131.6,5.038,468.9,0.7,58.85,54552,79353,FORWARD
2026-08-09 12:04:24,131.6,5.038,468.9,0.7,58.85,54552,79353,FORWARD
2026-08-09 13:05:37,131.6,5.038,468.9,0.7,58.85,54552,79353,FORWARD
2026-08-09 13:51:02,131.6,5.038,468.9,0.7,58.85,54552,79353,FORWARD
2026-08-09 14:32:04,131.6,5.038,468.9,0.7,58.85,54552,79353,FORWARD
2026-08-09 15:06:09,131.6,5.038,468.9,0.7,58.85,54552,79353,FORWARD
